id,url,le_id,legislator,ad,name,county,gender,party,in_office,education,experience,image,created_at,updated_at,party_logo
1,http://vote.ly.g0v.tw/api/legislator_terms/2026/,2026,http://vote.ly.g0v.tw/api/legislator/1347/,8,張慶忠,新北市,男,中國國民黨,1,中華大學工學碩士\台北工專土木科\瑞芳高工\基隆一中初中部,立法委員\大學講師\國大代表\中和高中文教基金會董事長\台北縣政府技士\雙和扶輪社創社長\新北市雲林．彰化．屏東．嘉義．南投．台中．金門．馬祖同鄉會顧問\中和退伍軍人會長\中和二警友會主任\中和一警民防中隊長\後備憲兵新北市主委\義消總隊顧問\建築特考及格消防專技特考及格,http://www.ly.gov.tw/upload/01_introduce/0103_leg/LGpicture/80054.jpg,2015-10-30 18:38:14,2015-11-04 05:05:50,http://attach.kmt.org.tw/200910/20091015163058.jpg
2,http://vote.ly.g0v.tw/api/legislator_terms/2409/,2409,http://vote.ly.g0v.tw/api/legislator/1755/,8,曾巨威,全國不分區,男,中國國民黨,1,國立中興大學會計學學士\國立政治大學財政所碩士\美國德州大學企業管理碩士\美國奧克拉荷馬州立大學經濟學博士,中國科技大學財政稅務系講座教授\國立政治大學名譽教授\行政院賦稅改革委員會副召集人兼委員\行政院經濟建設委員會諮詢委員\工商時報主筆\經濟部油電價格諮詢委員會委員\財政部賦稅革新小組委員\臺北市政府訴願委員會委員,http://www.ly.gov.tw/upload/01_introduce/0103_leg/LGpicture/80072.jpg,2015-10-30 18:38:14,2015-11-04 05:05:50,http://attach.kmt.org.tw/200910/20091015163058.jpg
3,http://vote.ly.g0v.tw/api/legislator_terms/1230/,1230,http://vote.ly.g0v.tw/api/legislator/788/,8,林正二,平地原住民,男,親民黨,0,台東縣大王國小\省立台東中學\省立屏東師專\國立台灣師範大學教育學系畢業,國小教師\國中校長\全國特優教師「師鐸獎」\國大代表\台灣省議員\全國原住民十大傑出青年\第4、5、6、7屆立法委員\立法院教育及文化委員會召集人\台東縣棒球委員會主任委員\中華民國原住民跆拳道協會理事長,http://www.ly.gov.tw/upload/01_introduce/0103_leg/LGpicture/80027.jpg,2015-10-30 18:38:14,2015-11-04 05:05:50,https://upload.wikimedia.org/wikipedia/zh/thumb/6/66/Flag_of_People_First_Party.svg/125px-Flag_of_People_First_Party.svg.png
4,http://vote.ly.g0v.tw/api/legislator_terms/2403/,2403,http://vote.ly.g0v.tw/api/legislator/4/,8,許忠信,全國不分區,男,臺灣團結聯盟,0,台灣大學政治系國際關係組\政大法學碩士\英國劍橋大學法學博士,成大法律系教授\經濟部貿委會顧問\國際商會主任仲裁人\海德堡大學訪問學者\律師\空軍權保委員,http://www.ly.gov.tw/upload/01_introduce/0103_leg/LGpicture/80056.jpg,2015-10-30 18:38:14,2015-11-04 05:05:50,https://upload.wikimedia.org/wikipedia/commons/thumb/5/5e/TUS.png/125px-TUS.png
5,http://vote.ly.g0v.tw/api/legislator_terms/886/,886,http://vote.ly.g0v.tw/api/legislator/639/,8,許添財,臺南市,男,民主進步黨,1,中國文化大學經濟學系碩士、學士\台北市立成功高中\前麻豆曾文中學\渡拔國小,紐約社會研究新學院經濟學博士資格學科考試通過\美國羅格斯大學企管博士班\台南市長\立法委員\台灣健康城市聯盟創會理事長\台灣環球搜救協會創會理事長\文大副教授銀行系主任\立院民進黨團總召\立法院財政、預算召集委員\第14屆、第15屆(4-1)台南市長\第2、3、4、7屆立法委員\【國會研究室】\法律諮詢服務\律師：黃品欽\地址：台北市中山區林森北路138巷6號2樓\電話：02-2521-3393\【安平服務處】\與民有約：每週六 14:00-16:00 許添財委員\法律諮詢服務：\每週一 17:30-19:00 律師 謝凱傑 \每週五 17:30-18:30 律師 李孟仁\每週六 14:00-16:00 律師 陳建欽 \稅務諮詢服務：\每週二 14:00-16:00 秘書 洪正欽,http://www.ly.gov.tw/upload/01_introduce/0103_leg/LGpicture/80057.jpg,2015-10-30 18:38:14,2015-11-04 05:05:50,https://upload.wikimedia.org/wikipedia/zh/thumb/c/c1/Emblem_of_Democratic_Progressive_Party_(new).svg/1024px-Emblem_of_Democratic_Progressive_Party_(new).svg.png
6,http://vote.ly.g0v.tw/api/legislator_terms/1464/,1464,http://vote.ly.g0v.tw/api/legislator/892/,8,呂學樟,新竹市,男,中國國民黨,1,英國國立格萊摩根大學人力資源管理科學碩士,第5、6、7屆立法委員\立法院法制及程序委員會召委\國民黨立法院黨團書記長\第2、3屆國大代表\國民大會主席團主席及書記長\新竹市議員\明新科技大學兼任講師\世界呂氏宗親會理事長\世界客屬總會副理事長\新竹市青溪協會理事長\新竹觀護志工協進會理事長\英國卡飛利州政府人事處處長特助,http://www.ly.gov.tw/upload/01_introduce/0103_leg/LGpicture/80018.jpg,2015-10-30 18:38:14,2015-11-04 05:05:50,http://attach.kmt.org.tw/200910/20091015163058.jpg
7,http://vote.ly.g0v.tw/api/legislator_terms/2408/,2408,http://vote.ly.g0v.tw/api/legislator/1754/,8,陳鎮湘,全國不分區,男,中國國民黨,1,陸軍官校34期\陸軍指參學院63年班\陸軍指參學院戰術研究班第3期\戰爭學院兵學研究所72年班,軍團司令\金防部司令官\軍管部司令\陸軍總司令\國防大學校長,http://www.ly.gov.tw/upload/01_introduce/0103_leg/LGpicture/80071.jpg,2015-10-30 18:38:14,2015-11-04 05:05:50,http://attach.kmt.org.tw/200910/20091015163058.jpg
8,http://vote.ly.g0v.tw/api/legislator_terms/1527/,1527,http://vote.ly.g0v.tw/api/legislator/919/,8,孫大千,桃園縣,男,中國國民黨,1,美國俄亥俄州立大學工業材料科學與工程博士\美國俄亥俄州立大學國際關係碩士\國立臺灣大學化學工程學系學士,第5、6、7屆立法委員\立法院外交及僑務委員會召集委員,http://www.ly.gov.tw/upload/01_introduce/0103_leg/LGpicture/80045.jpg,2015-10-30 18:38:14,2015-11-04 05:05:50,http://attach.kmt.org.tw/200910/20091015163058.jpg
9,http://vote.ly.g0v.tw/api/legislator_terms/1086/,1086,http://vote.ly.g0v.tw/api/legislator/716/,8,林郁方,臺北市,男,中國國民黨,1,美國維吉尼亞大學國際政治學博士\淡江大學美國研究所碩士\淡江大學英文系學士\高雄中學\屏東美和中學,第3、5、6、7屆立法委員\立法院外交及國防委員會召集委員\淡江大學國際事務與戰略研究所所長\行政院國家建設班講座\三軍大學戰爭學院講座,http://www.ly.gov.tw/upload/01_introduce/0103_leg/LGpicture/80031.jpg,2015-10-30 18:38:14,2015-11-04 05:05:50,http://attach.kmt.org.tw/200910/20091015163058.jpg
10,http://vote.ly.g0v.tw/api/legislator_terms/2066/,2066,http://vote.ly.g0v.tw/api/legislator/1374/,8,管碧玲,高雄市,女,民主進步黨,1,國立台灣大學政治學博士,美國哈佛大學甘迺迪政府學院國家與國際安全高階行政專班結業\國立臺北大學公共行政暨政策系副教授\民進黨中央黨部政策中心主任\台灣教授協會秘書長\高雄市新聞處長\高雄市文化局長\第6、7、8屆立法委員\民進黨立院黨團幹事長、中常委\立法院教育及文化委員會召集委員,http://www.ly.gov.tw/upload/01_introduce/0103_leg/LGpicture/80087.jpg,2015-10-30 18:38:14,2015-11-04 05:05:50,https://upload.wikimedia.org/wikipedia/zh/thumb/c/c1/Emblem_of_Democratic_Progressive_Party_(new).svg/1024px-Emblem_of_Democratic_Progressive_Party_(new).svg.png
11,http://vote.ly.g0v.tw/api/legislator_terms/1332/,1332,http://vote.ly.g0v.tw/api/legislator/836/,8,陳超明,苗栗縣,男,中國國民黨,1,國立政治大學公共行政系畢業,第12、13屆縣議員\第10屆省議員\第4屆立法委員\總統府顧問\行政院顧問\前苗栗縣守望相助隊大隊長\社團顧問,http://www.ly.gov.tw/upload/01_introduce/0103_leg/LGpicture/80066.jpg,2015-10-30 18:38:14,2015-11-04 05:05:50,http://attach.kmt.org.tw/200910/20091015163058.jpg
12,http://vote.ly.g0v.tw/api/legislator_terms/2415/,2415,http://vote.ly.g0v.tw/api/legislator/1761/,8,趙天麟,高雄市,男,民主進步黨,1,國立高雄應用科技大學機械與精密工程博士班(工管組)\國立中山大學公共政策碩士\私立世新大學口語傳播學系\私立真理大學(前淡專)企業管理科,第6、7屆高雄市議員\2015年 日本慶應大學法學部訪問研究員\2014年 美國國務院IVLP訪問學人\2014年 高雄市長選舉陳菊競選總部總幹事\2010年 陳菊市長競選總部發言人\2009年 蔡英文主席中央黨部發言人\2008年 謝長廷總統侯選人發言人\民進黨中央黨部青年部、文宣部主任\高雄市政府新聞處機要秘書\臺灣兒童及青少年健康聯盟委員\世界展望會南區志工大隊長及長期資助人\新文化工作隊隊長\高雄市棒球委員會顧問\高雄市拳擊委員會主委\高雄縣馬術委員會顧問\高雄市土木技師公會顧問\臺灣辨論學會顧問\高雄市義消總隊婦宣大隊苓雅分隊顧問\臺灣基督長老教會高雄中會青年部部長\高雄市府會愛走動團契副會長\高雄市三多長老教會執事\臺灣營造工程協會顧問\真理大學校友會副會長\高雄市新興高中家長會顧問\高雄市福康國小家長會顧問\高都資深青商會顧問\高雄市室內設計人員職業工會顧問,http://www.ly.gov.tw/upload/01_introduce/0103_leg/LGpicture/80088.jpg,2015-10-30 18:38:14,2015-11-04 05:05:50,https://upload.wikimedia.org/wikipedia/zh/thumb/c/c1/Emblem_of_Democratic_Progressive_Party_(new).svg/1024px-Emblem_of_Democratic_Progressive_Party_(new).svg.png
13,http://vote.ly.g0v.tw/api/legislator_terms/2395/,2395,http://vote.ly.g0v.tw/api/legislator/13/,8,林世嘉,全國不分區,女,臺灣團結聯盟,0,國立台灣大學公共衛生學系\國立陽明大學衛生福利研究所碩士,財團法人台灣醫界聯盟基金會執行長\財團法人彭婉如文教基金會董事長\行政院副院長辦公室主任,http://www.ly.gov.tw/upload/01_introduce/0103_leg/LGpicture/80026.jpg,2015-10-30 18:38:14,2015-11-04 05:05:50,https://upload.wikimedia.org/wikipedia/commons/thumb/5/5e/TUS.png/125px-TUS.png
14,http://vote.ly.g0v.tw/api/legislator_terms/2363/,2363,http://vote.ly.g0v.tw/api/legislator/1715/,8,盧嘉辰,新北市,男,中國國民黨,1,中華大學科技管理研究所碩士\中華大學企管系\三峽初中,土城市長\台北縣議員、市民代表\海峽兩岸法律扶助協會副會長\反三峽殯葬特區總召集人\新北市體育會理事\三峽紫薇天后宮名譽主委\土城彰化雲林嘉義同鄉會首席顧問\土城體育會三屆理事長\遷移頂埔運輸兵學校總幹事\遷移土城彈藥庫總幹事\土城後備軍人中心主任,http://www.ly.gov.tw/upload/01_introduce/0103_leg/LGpicture/80102.jpg,2015-10-30 18:38:14,2015-11-04 05:05:50,http://attach.kmt.org.tw/200910/20091015163058.jpg
15,http://vote.ly.g0v.tw/api/legislator_terms/1420/,1420,http://vote.ly.g0v.tw/api/legislator/869/,8,盧秀燕,臺中市,女,中國國民黨,1,政治大學地政系學士畢業\淡江大學國際事務與戰略研究所碩士畢業,華視記者\華視中部採訪主任兼省政特派員\79年以「假愛心、真斂財」系列報導，獲電視金鐘獎最佳採訪獎\第10屆省議員\第4、5、6、7、8屆立法委員\國民黨中央常務委員\台中市愛心媽媽副大隊長,http://www.ly.gov.tw/upload/01_introduce/0103_leg/LGpicture/80101.jpg,2015-10-30 18:38:14,2015-11-04 05:05:50,http://attach.kmt.org.tw/200910/20091015163058.jpg
16,http://vote.ly.g0v.tw/api/legislator_terms/2464/,2464,http://vote.ly.g0v.tw/api/legislator/1811/,8,許淑華,南投縣,女,中國國民黨,1,逢甲大學經營管理碩士,南投縣議員\南投縣商業會理事長\南開科技大學校友會理事長\南投市長,http://www.ly.gov.tw/upload/01_introduce/0103_leg/LGpicture/81121.jpg,2015-10-30 18:38:14,2015-11-04 05:05:50,http://attach.kmt.org.tw/200910/20091015163058.jpg
17,http://vote.ly.g0v.tw/api/legislator_terms/2393/,2393,http://vote.ly.g0v.tw/api/legislator/1738/,8,李俊俋,嘉義市,男,民主進步黨,1,美國喬治華盛頓大學政治研究所博士班結業\美國波士頓學院政治研究所碩士\文化大學政治系學士\嘉義市民族國小,總統府國策顧問兼憲改辦公室主任\考試院銓敘部政務次長\嘉義市副市長,http://www.ly.gov.tw/upload/01_introduce/0103_leg/LGpicture/80020.jpg,2015-10-30 18:38:14,2015-11-04 05:05:50,https://upload.wikimedia.org/wikipedia/zh/thumb/c/c1/Emblem_of_Democratic_Progressive_Party_(new).svg/1024px-Emblem_of_Democratic_Progressive_Party_(new).svg.png
18,http://vote.ly.g0v.tw/api/legislator_terms/1984/,1984,http://vote.ly.g0v.tw/api/legislator/1322/,8,吳育昇,新北市,男,中國國民黨,1,政治大學政治系學士、公共行政碩士\台南一中\嘉義新港國中、新港國小,財經立法監督聯盟評比，內政立委第一名吳育昇\第6、7屆立法委員\內政委員會召委\馬蕭競選總部發言人\台北市政府新聞處長、發言人\警察專科學校、世新大學講師\中廣新聞部副組長\中華奧會委員\現代五項運動協會理事長\超級鐵人三項協會理事長\中國國民黨中常委、嘉義市義務副主委,http://www.ly.gov.tw/upload/01_introduce/0103_leg/LGpicture/80014.jpg,2015-10-30 18:38:14,2015-11-04 05:05:50,http://attach.kmt.org.tw/200910/20091015163058.jpg
19,http://vote.ly.g0v.tw/api/legislator_terms/1341/,1341,http://vote.ly.g0v.tw/api/legislator/840/,8,陳學聖,桃園縣,男,中國國民黨,1,淡江大學中國大陸研究所碩士\台大政治系學士\建國中學,中國時報記者\亞洲電視台資深主持人\臺北市第6、7屆議員\第4、5屆立法委員\澄社、國會記者評鑑立委第1名\中華民國動物保護協會理事長\中華民國身心障礙服務推展協會理事長\桃園縣政府文化局長\中國國民黨桃園縣黨部主任委員\中華民國腦性痲痺協會理事長,http://www.ly.gov.tw/upload/01_introduce/0103_leg/LGpicture/80070.jpg,2015-10-30 18:38:14,2015-11-04 05:05:50,http://attach.kmt.org.tw/200910/20091015163058.jpg
20,http://vote.ly.g0v.tw/api/legislator_terms/1532/,1532,http://vote.ly.g0v.tw/api/legislator/921/,8,徐耀昌,苗栗縣,男,中國國民黨,0,中華大學經營管理研究所管理學碩士學位,苗栗縣頭份鎮第12、13屆鎮長\第5、6、7屆立法委員\立法院國民黨團副書記長、預算及決算、交通、經濟委員會召集委員\苗栗縣體育總會理事長\中華民國青溪協會理事長\苗栗縣徐氏宗親會理事長\苗栗縣退伍軍人協會副理事長\苗栗縣民防大隊大隊長,http://www.ly.gov.tw/upload/01_introduce/0103_leg/LGpicture/80048.jpg,2015-10-30 18:38:14,2015-11-04 05:05:50,http://attach.kmt.org.tw/200910/20091015163058.jpg
21,http://vote.ly.g0v.tw/api/legislator_terms/1499/,1499,http://vote.ly.g0v.tw/api/legislator/908/,8,林德福,新北市,男,中國國民黨,1,台北縣立頂溪國小畢業\台灣省立板橋中學畢業\私立開南高級商工職業學校畢業,台北縣永和市第3屆市民代表\永和市第4屆代表會副主席\永和市第5、6屆市長\台北縣鄉鎮市長聯誼會會長\國立新店高中文教基金會董事長\第5、6、7屆立法委員\國立政治大學法律實務研究班結業,http://www.ly.gov.tw/upload/01_introduce/0103_leg/LGpicture/80035.jpg,2015-10-30 18:38:14,2015-11-04 05:05:50,http://attach.kmt.org.tw/200910/20091015163058.jpg
22,http://vote.ly.g0v.tw/api/legislator_terms/2382/,2382,http://vote.ly.g0v.tw/api/legislator/1727/,8,王廷升,花蓮縣,男,中國國民黨,1,美國喬治華盛頓大學國際企業博士\美國喬治華盛頓大學國際企業碩士\私立東吳大學商用數學系商學士,中華民國第7、8屆立法委員暨立法院中國國民黨黨團副書記長\中華民國任務型國大代表暨中國國民黨黨團副書記長\中國國民黨第16、17屆中央委員\中國國民黨中央組發會海外部主任\經濟部貿委會東區貿易救濟諮詢服務團團長\國際獅子會300F區2009-2010第三專區主席\花蓮縣青年總會總會長\國立花蓮中學校友會會長\法國東方匯理銀行徵信放款部科長\國立東華大學國際企業學系副教授\東吳大學國際經營與貿易學系副教授,http://www.ly.gov.tw/upload/01_introduce/0103_leg/LGpicture/80003.jpg,2015-10-30 18:38:14,2015-11-04 05:05:50,http://attach.kmt.org.tw/200910/20091015163058.jpg
23,http://vote.ly.g0v.tw/api/legislator_terms/2342/,2342,http://vote.ly.g0v.tw/api/legislator/1701/,8,王進士,屏東縣,男,中國國民黨,1,國立中山大學管理學院公共事務管理研究所碩士\世界新聞專科學校\省立屏東高中,第7屆立法委員\屏東市第13、14屆市長\國民黨屏東市黨部主委\救國團屏東縣主委\屏東縣新聞記者公會理事長\屏東扶輪社社長\屏東家扶中心、屏東縣登山會、屏東義消中隊等單位顧問,http://www.ly.gov.tw/upload/01_introduce/0103_leg/LGpicture/80006.jpg,2015-10-30 18:38:14,2015-11-04 05:05:50,http://attach.kmt.org.tw/200910/20091015163058.jpg
24,http://vote.ly.g0v.tw/api/legislator_terms/2459/,2459,http://vote.ly.g0v.tw/api/legislator/24/,8,賴振昌,全國不分區,男,臺灣團結聯盟,1,國立台灣大學商學博士,財政部台北市國稅局\德昌聯合會計師事務所合夥會計師\文化大學財金系主任、會計研究所所長兼系主任\國立台北商業技術學院校長\美國哈佛大學訪問學者（公費留學)\社會服務：\台北縣政府顧問\台北縣有線廣播電視費率審議委員\台北市會計師公會理事\國際會計師聯盟(IFAC)臺灣代表\經濟部著作權審議及調解委員\環保署廢棄物回收審查委員\財團法人立心慈善基金會董事\財團法人台灣文化基金會董事\中華民國空中教育學會理事長\中華民國商業教育學會副理事長,http://www.ly.gov.tw/upload/01_introduce/0103_leg/LGpicture/81117.jpg,2015-10-30 18:38:14,2015-11-04 05:05:50,https://upload.wikimedia.org/wikipedia/commons/thumb/5/5e/TUS.png/125px-TUS.png
25,http://vote.ly.g0v.tw/api/legislator_terms/901/,901,http://vote.ly.g0v.tw/api/legislator/645/,8,陳唐山,臺南市,男,民主進步黨,1,台灣大學畢業\美國普渡大學雙博士,美國聯邦政府商業部19年\全美台灣同鄉會會長\世界台灣同鄉會會長\FAPA第二任會長\第2、5屆立法委員\第12、13屆台南縣長\外交部長\總統府秘書長\國安會秘書長\南台大學特聘榮譽教授\長榮大學兼任教授,http://www.ly.gov.tw/upload/01_introduce/0103_leg/LGpicture/80062.jpg,2015-10-30 18:38:14,2015-11-04 05:05:50,https://upload.wikimedia.org/wikipedia/zh/thumb/c/c1/Emblem_of_Democratic_Progressive_Party_(new).svg/1024px-Emblem_of_Democratic_Progressive_Party_(new).svg.png
26,http://vote.ly.g0v.tw/api/legislator_terms/2008/,2008,http://vote.ly.g0v.tw/api/legislator/1337/,8,林淑芬,新北市,女,民主進步黨,1,,18歲，彰化北上念大學，參加學生運動\25歲當選台北縣第14屆縣議員\29歲全國第一高票當選台北縣第15屆縣議員\32歲當選立法委員\35歲連任單一選區選制下的立法委員\長期在教育文化委員會為下一代打拚,http://www.ly.gov.tw/upload/01_introduce/0103_leg/LGpicture/81033.jpg,2015-10-30 18:38:14,2015-11-04 05:05:50,https://upload.wikimedia.org/wikipedia/zh/thumb/c/c1/Emblem_of_Democratic_Progressive_Party_(new).svg/1024px-Emblem_of_Democratic_Progressive_Party_(new).svg.png
27,http://vote.ly.g0v.tw/api/legislator_terms/856/,856,http://vote.ly.g0v.tw/api/legislator/629/,8,柯建銘,全國不分區,男,民主進步黨,1,中山醫學院,淡江大學管理科學研究所研究\第2、3、4、5、6、7屆立法委員\民進黨代理主席、中常委、財委會主任委員、政策會執行長\民進黨立法院黨團總召集人、幹事長\行政院NII諮詢委員\1996年國發會經濟組代表\2001年經濟發展會議諮委員產業組代表,http://www.ly.gov.tw/upload/01_introduce/0103_leg/LGpicture/80041.jpg,2015-10-30 18:38:14,2015-11-04 05:05:50,https://upload.wikimedia.org/wikipedia/zh/thumb/c/c1/Emblem_of_Democratic_Progressive_Party_(new).svg/1024px-Emblem_of_Democratic_Progressive_Party_(new).svg.png
28,http://vote.ly.g0v.tw/api/legislator_terms/1125/,1125,http://vote.ly.g0v.tw/api/legislator/734/,8,陳其邁,全國不分區,男,民主進步黨,1,高雄中學畢業\中山醫學院醫學系畢業\臺灣大學公共衛生研究所預防醫學碩士\醫師檢覈考試及格\醫師高等考試及格,1989 長庚醫院醫師\1994 高雄醫界聯盟執行委員\1995 環境保護聯盟高雄分會執行委員\1995 當選立法委員(第3、4、5屆)\2002 受美國國務院邀請赴美訪問\2004 擔任行政院政務委員兼發言人\2005 代理高雄市市長\2006 赴英國倫敦政經院任訪問學者\2007 總統府副秘書長\2008 民進黨副秘書長\2011 民進黨政策委員會執行長兼發言人,http://www.ly.gov.tw/upload/01_introduce/0103_leg/LGpicture/80059.jpg,2015-10-30 18:38:14,2015-11-04 05:05:50,https://upload.wikimedia.org/wikipedia/zh/thumb/c/c1/Emblem_of_Democratic_Progressive_Party_(new).svg/1024px-Emblem_of_Democratic_Progressive_Party_(new).svg.png
29,http://vote.ly.g0v.tw/api/legislator_terms/2056/,2056,http://vote.ly.g0v.tw/api/legislator/1367/,8,黃偉哲,臺南市,男,民主進步黨,1,美國哈佛大學碩士\美國耶魯大學碩士\國立台灣大學學士,立法院第6、7屆立法委員\國民大會代表\台南縣議員\行政院顧問\行政院農業委員會專門委員,http://www.ly.gov.tw/upload/01_introduce/0103_leg/LGpicture/80077.jpg,2015-10-30 18:38:14,2015-11-04 05:05:50,https://upload.wikimedia.org/wikipedia/zh/thumb/c/c1/Emblem_of_Democratic_Progressive_Party_(new).svg/1024px-Emblem_of_Democratic_Progressive_Party_(new).svg.png
30,http://vote.ly.g0v.tw/api/legislator_terms/2053/,2053,http://vote.ly.g0v.tw/api/legislator/1366/,8,黃志雄,新北市,男,中國國民黨,1,國立體育大學博士班\文化大學運動教練研究所碩士\文化大學體育系國術組學士\國立華僑高中\樹林國中\文林國小,第6屆全國不分區立法委員\第7、8屆區域立法委員\中華民國第43屆十大傑出青年\國際青商會會友、扶輪社友\中國國民黨立法院黨團副書記長\立法院教育文化委員會召委\文化大學華岡青年\新北市體育會理事長\2005年中國青年救國青年將章\2004年雅典奧運跆拳道銀牌\2003年德國世界錦標賽金牌\2002年釜山亞運會跆拳道金牌\2000年雪梨奧運跆拳道銅牌,http://www.ly.gov.tw/upload/01_introduce/0103_leg/LGpicture/80075.jpg,2015-10-30 18:38:14,2015-11-04 05:05:50,http://attach.kmt.org.tw/200910/20091015163058.jpg
31,http://vote.ly.g0v.tw/api/legislator_terms/1616/,1616,http://vote.ly.g0v.tw/api/legislator/966/,8,蔡正元,臺北市,男,中國國民黨,1,美國哥倫比亞大學經濟學哲學博士研究\美國哈佛大學政府研究所碩士\政治大學企業管理研究所碩士\台灣師範大學教育學士\台北市松山工農職校,第5、6、7屆立法委員\國民黨中央常務委員\國民黨文化傳播委員會主任委員\立法院財政委員會召集委員\國民黨國民大會黨團書記長\第3屆國民大會代表\台北市雲林同鄉會常務理事\財團法人領航基金會董事長,http://www.ly.gov.tw/upload/01_introduce/0103_leg/LGpicture/80094.jpg,2015-10-30 18:38:14,2015-11-04 05:05:50,http://attach.kmt.org.tw/200910/20091015163058.jpg
32,http://vote.ly.g0v.tw/api/legislator_terms/2458/,2458,http://vote.ly.g0v.tw/api/legislator/32/,8,葉津鈴,全國不分區,女,臺灣團結聯盟,1,嘉義高工\國立高雄師範學院數學系肄業,高雄市議員\民生之聲廣播電台創辦人\高雄硫酸錏公司錏廠技術員\李登輝學校國政班結業,http://www.ly.gov.tw/upload/01_introduce/0103_leg/LGpicture/81116.jpg,2015-10-30 18:38:14,2015-11-04 05:05:50,https://upload.wikimedia.org/wikipedia/commons/thumb/5/5e/TUS.png/125px-TUS.png
33,http://vote.ly.g0v.tw/api/legislator_terms/2375/,2375,http://vote.ly.g0v.tw/api/legislator/1722/,8,蔣乃辛,臺北市,男,中國國民黨,1,大同大學事業經營研究所碩士畢業,第7屆立法委員\台北市第4、5、6、7、8、9、10屆議員\台北市家庭扶助中心扶幼委員會主任委員\台北市金華國中、小學家長會榮譽會長\政治大學大同大學校友會理事,http://www.ly.gov.tw/upload/01_introduce/0103_leg/LGpicture/81093.jpg,2015-10-30 18:38:14,2015-11-04 05:05:50,http://attach.kmt.org.tw/200910/20091015163058.jpg
34,http://vote.ly.g0v.tw/api/legislator_terms/2392/,2392,http://vote.ly.g0v.tw/api/legislator/1736/,8,呂玉玲,桃園縣,女,中國國民黨,1,南亞技術學院企業管理科\育達高級中學畢業\中壢國中\中壢國小,婦聯青溪桃園縣支會主任委員\中央大學客家學院平鎮客家書院執行委員\中華民國婦女聯合會平鎮分會主委\桃園縣守望相助隊平鎮中隊中隊長\平鎮市社區營造協會理事長\平鎮市文化志工協會理事長\芃呈企業股份有限公司負責人,http://www.ly.gov.tw/upload/01_introduce/0103_leg/LGpicture/81017.jpg,2015-10-30 18:38:14,2015-11-04 05:05:50,http://attach.kmt.org.tw/200910/20091015163058.jpg
35,http://vote.ly.g0v.tw/api/legislator_terms/1968/,1968,http://vote.ly.g0v.tw/api/legislator/1312/,8,孔文吉,山地原住民,男,中國國民黨,1,台灣大學外文系\美國奧勒崗大學新聞碩士\英國羅芙堡大學社會學系媒體研究組博士,行政院新聞局聯絡室秘書\內政部民政司專員\花蓮師範學院多元文化研究所\國立東華大學及東吳大學兼任助理教授\文藻外語專科學校及朝陽科技大學助理教授\公共電視董事\台北市政府原住民事務委員會主任委員,http://www.ly.gov.tw/upload/01_introduce/0103_leg/LGpicture/80007.jpg,2015-10-30 18:38:14,2015-11-04 05:05:50,http://attach.kmt.org.tw/200910/20091015163058.jpg
36,http://vote.ly.g0v.tw/api/legislator_terms/1378/,1378,http://vote.ly.g0v.tw/api/legislator/855/,8,葉宜津,臺南市,女,民主進步黨,1,美國 Bridgeport 大學音樂碩士,公民監督國會聯盟唯一評鑑滿分立委\澄社評鑑連續多年獲得表現優秀立委\商業周刊評鑑優秀立委\2007年美國國務院「菁英計畫」訪問學人\民進黨中央黨部婦女部主任\民進黨立法院黨團幹事長、書記長\現任立法委員\台灣省議員暨民進黨黨團總召\台中師院、台南師院講師\奧地利維也納音樂學院,http://www.ly.gov.tw/upload/01_introduce/0103_leg/LGpicture/80083.jpg,2015-10-30 18:38:14,2015-11-04 05:05:50,https://upload.wikimedia.org/wikipedia/zh/thumb/c/c1/Emblem_of_Democratic_Progressive_Party_(new).svg/1024px-Emblem_of_Democratic_Progressive_Party_(new).svg.png
37,http://vote.ly.g0v.tw/api/legislator_terms/1325/,1325,http://vote.ly.g0v.tw/api/legislator/833/,8,陳根德,桃園縣,男,中國國民黨,1,私立元智大學社會暨政策科學研究所畢業,第7屆立法委員\救國團桃園縣主任委員\桃園縣義警大隊長\桃園農工崇學基金會董事長\台灣省義勇人員安全濟助基金會董事\曾任第4、5、6屆立法委員\桃園縣議會議長\中華民國及桃園縣後備憲兵荷松協會理事長\桃園縣體育會理事長\桃園縣民眾服務社理事長,http://www.ly.gov.tw/upload/01_introduce/0103_leg/LGpicture/80063.jpg,2015-10-30 18:38:14,2015-11-04 05:05:50,http://attach.kmt.org.tw/200910/20091015163058.jpg
38,http://vote.ly.g0v.tw/api/legislator_terms/2377/,2377,http://vote.ly.g0v.tw/api/legislator/1723/,8,劉建國,雲林縣,男,民主進步黨,1,國立空中大學公共行政系\美和技術學院社工系\南華大學旅遊管理學系暨旅遊管理碩士班,凱達格蘭學校地方領袖班\第7屆立法委員社會福利及衛生環境委員會召集委員\立法院厚生會祕書長\民進黨中央執行委員\民進黨議會黨團召集人暨第15、16屆議員\縣議會教育及預算小組召集人\第六屆斗六市民代表\雲林縣體育會副理事長\雲林縣棒球委員會主委\雲林縣社會關懷協會創會理事長,http://www.ly.gov.tw/upload/01_introduce/0103_leg/LGpicture/80089.jpg,2015-10-30 18:38:14,2015-11-04 05:05:50,https://upload.wikimedia.org/wikipedia/zh/thumb/c/c1/Emblem_of_Democratic_Progressive_Party_(new).svg/1024px-Emblem_of_Democratic_Progressive_Party_(new).svg.png
39,http://vote.ly.g0v.tw/api/legislator_terms/585/,585,http://vote.ly.g0v.tw/api/legislator/515/,8,丁守中,臺北市,男,中國國民黨,1,美國佛萊契爾外交法律研究院（哈佛大學合作管理）外交法律碩士、國際政治學博士\台大政治系學士,中華民國第1、2、3、4、6、7屆立法委員\立法院經濟委員會召集委員、委員長\立法院國防委員會召集委員\臺灣大學政治研究所副教授\美國史丹福大學胡佛研究所客座研究員\中國國民黨中央政策會副執行長\中華民國籃球協會理事長\中華兩岸文化創意產業發展協會理事長\國際佛光會中華總會副總會長\中華捐血運動協會常務理事\中華儒道研究協會名譽理事長\董氏基金會終生義工 ,http://www.ly.gov.tw/upload/01_introduce/0103_leg/LGpicture/80001.jpg,2015-10-30 18:38:14,2015-11-04 05:05:50,http://attach.kmt.org.tw/200910/20091015163058.jpg
40,http://vote.ly.g0v.tw/api/legislator_terms/2410/,2410,http://vote.ly.g0v.tw/api/legislator/40/,8,黃文玲,全國不分區,女,臺灣團結聯盟,0,國立交通大學碩士\東吳大學法學士,碩成國際法律事務所主持律師\台北市同慶扶輪社創社社長\中華民國仲裁協會仲裁人\彰化同鄉總會理事\彰化青年菁英會理事長\彰化縣政府及鄉鎮法律扶助顧問\經濟部中小企業處榮譽諮詢律師\台灣奇案法律顧問,http://www.ly.gov.tw/upload/01_introduce/0103_leg/LGpicture/80074.jpg,2015-10-30 18:38:14,2015-11-04 05:05:50,https://upload.wikimedia.org/wikipedia/commons/thumb/5/5e/TUS.png/125px-TUS.png
41,http://vote.ly.g0v.tw/api/legislator_terms/2354/,2354,http://vote.ly.g0v.tw/api/legislator/1709/,8,陳節如,全國不分區,女,民主進步黨,1,師大英語系\蘭陽女子高中,中華民國智障者家長總會副理事長\臺灣社會福利聯盟副理事長\臺北市智障者家長協會理事長\育成社會福利基金會董事長\中華民國殘障聯盟常務理事\台北市社會福利聯盟理事長\行政院社會福利推動委員會委員\內政部替代役審議委員儲委員\教育部特殊教育諮詢委員會委員\勞委會身心障礙者就業委員會委員\台北市勞工局就業基金專戶管理委員會委員\台北市社會福利委員會委員\行政院社會福利委員會委員\國立台灣師範大學進修部學分班\育成社會福利基金會董事長\立法委員,http://www.ly.gov.tw/upload/01_introduce/0103_leg/LGpicture/80067.jpg,2015-10-30 18:38:14,2015-11-04 05:05:50,https://upload.wikimedia.org/wikipedia/zh/thumb/c/c1/Emblem_of_Democratic_Progressive_Party_(new).svg/1024px-Emblem_of_Democratic_Progressive_Party_(new).svg.png
42,http://vote.ly.g0v.tw/api/legislator_terms/2385/,2385,http://vote.ly.g0v.tw/api/legislator/1729/,8,王惠美,彰化縣,女,中國國民黨,1,東海大學政治系學士\東海大學政治學碩士,鹿鳴國中教師\伸港國中教師\大慶商工教師\大葉大學兼任講師\彰化縣議會第13、14、15屆議員\鹿港鎮第15、16屆鎮長\鹿菁獅子會會長\晴光文教基金會董事長\救國團鹿港團委會會長\彰化縣青工會總會長,http://www.ly.gov.tw/upload/01_introduce/0103_leg/LGpicture/81005.jpg,2015-10-30 18:38:14,2015-11-04 05:05:50,http://attach.kmt.org.tw/200910/20091015163058.jpg
43,http://vote.ly.g0v.tw/api/legislator_terms/2401/,2401,http://vote.ly.g0v.tw/api/legislator/1747/,8,徐欣瑩,新竹縣,女,民國黨,1,山崎國小\新豐國中\中山女中\國立成功大學測量工程學系學士\國立交通大學土木系碩士、博士,明新科技大學教師\新竹縣第16、17屆議員\新竹縣議會人民請願案召集人\大時代測量顧問有限公司執業技師\內政部地政司衛星測量中心研究員\專門技術人員高等考試測量技師及格,http://www.ly.gov.tw/upload/01_introduce/0103_leg/LGpicture/80047.jpg,2015-10-30 18:38:14,2015-11-04 05:05:50,https://upload.wikimedia.org/wikipedia/commons/thumb/8/87/Flag_of_Minkuotang.svg/125px-Flag_of_Minkuotang.svg.png
44,http://vote.ly.g0v.tw/api/legislator_terms/1409/,1409,http://vote.ly.g0v.tw/api/legislator/866/,8,賴士葆,臺北市,男,中國國民黨,1,美國南加州大學工業與系統工程碩士、博士\國立政治大學企管碩士\國立成功大學機械學士,第3屆國民大會代表\第4、6、7屆立法委員\國民黨第17屆中央常務委員\台北市政府顧問團總召\台北市政府經發會副總召、首席顧問\國立政治大學企研所教授、所長\經發會籌備會副召集人兼諮詢委員等,http://www.ly.gov.tw/upload/01_introduce/0103_leg/LGpicture/80104.jpg,2015-10-30 18:38:14,2015-11-04 05:05:50,http://attach.kmt.org.tw/200910/20091015163058.jpg
45,http://vote.ly.g0v.tw/api/legislator_terms/2404/,2404,http://vote.ly.g0v.tw/api/legislator/1750/,8,許智傑,高雄市,男,民主進步黨,1,高師大教育學系碩士\台灣大學機械工程系畢\高雄中學\五甲國中\五甲國小,民代歷練：\鳳山市長、高雄縣議員、鳳山市民代表\工程背景：\中科院工程師\教育專業：\正修科技大學助理教授\和春技術學院講師\高旗工家主任\鳳山區社區大學創辦人\鳳山市民大學主任,http://www.ly.gov.tw/upload/01_introduce/0103_leg/LGpicture/80058.jpg,2015-10-30 18:38:14,2015-11-04 05:05:50,https://upload.wikimedia.org/wikipedia/zh/thumb/c/c1/Emblem_of_Democratic_Progressive_Party_(new).svg/1024px-Emblem_of_Democratic_Progressive_Party_(new).svg.png
46,http://vote.ly.g0v.tw/api/legislator_terms/1441/,1441,http://vote.ly.g0v.tw/api/legislator/879/,8,羅明才,新北市,男,中國國民黨,1,美國華盛頓城市大學企業管理碩士\致理商專（現升格科技大學）企業管理系,國民大會主席團主席\國民黨中央委員\立法院4∼7屆立委\立法院財政、經濟委員會召集委員\立法院國民黨團副書記長\台北縣體育會理事長\台北縣彰化同鄉會理事長\救國團台北縣團委會指導委員,http://www.ly.gov.tw/upload/01_introduce/0103_leg/LGpicture/80110.jpg,2015-10-30 18:38:14,2015-11-04 05:05:50,http://attach.kmt.org.tw/200910/20091015163058.jpg
47,http://vote.ly.g0v.tw/api/legislator_terms/2072/,2072,http://vote.ly.g0v.tw/api/legislator/1377/,8,蔡其昌,臺中市,男,民主進步黨,1,清水國民小學\沙鹿國民中學\清水高級中學\東海大學歷史系畢業\中興大學EMBA（財務金融組）碩士\東海大學歷史研究所碩士,立法委員\臺中縣政府民政局長\靜宜大學、聯合大學兼任講師\民主進步黨發言人\臺中縣工業策進會總幹事\臺中港國際同濟會會長\臺中縣柯蔡宗親會常務理事\木棉花關懷協會榮譽理事長,http://www.ly.gov.tw/upload/01_introduce/0103_leg/LGpicture/80095.jpg,2015-10-30 18:38:14,2015-11-04 05:05:50,https://upload.wikimedia.org/wikipedia/zh/thumb/c/c1/Emblem_of_Democratic_Progressive_Party_(new).svg/1024px-Emblem_of_Democratic_Progressive_Party_(new).svg.png
48,http://vote.ly.g0v.tw/api/legislator_terms/2357/,2357,http://vote.ly.g0v.tw/api/legislator/1711/,8,廖正井,桃園縣,男,中國國民黨,1,高原國小\楊梅初中\新竹師範\逢甲大學財稅系\國立政治大學財政所碩士,龍潭國小教師\銘傳逢甲大學副教授\中央銀行金檢處稽核\財政部稽核組稽核\菸酒公賣局課長\內政部參事\台北市政府財政局長、秘書長\台北銀行董事長\桃園縣副縣長\立法委員\亞洲化學董事長\中華棒協副理事長\青少年高爾夫國手培訓基金會董事長\75年甲等特考經濟行政人員優等及格,http://www.ly.gov.tw/upload/01_introduce/0103_leg/LGpicture/80085.jpg,2015-10-30 18:38:14,2015-11-04 05:05:50,http://attach.kmt.org.tw/200910/20091015163058.jpg
49,http://vote.ly.g0v.tw/api/legislator_terms/1490/,1490,http://vote.ly.g0v.tw/api/legislator/904/,8,林岱樺,高雄市,女,民主進步黨,1,天主教輔仁大學德文系畢業\美國威斯康辛大學大眾傳播碩士\德國卡塞爾綜合大學德語教學研究結業\臺北大學企管博士班研究,德國卡塞爾綜合大學德語教學研究結業\第5、6、7屆立法委員\行政院青輔會主委\2009年民進黨提名參選高雄縣長；因縣市合併停選\高雄市政府顧問\民進黨第10、11屆中央執行委員\民進黨第14屆中央評議委員,http://www.ly.gov.tw/upload/01_introduce/0103_leg/LGpicture/81029.jpg,2015-10-30 18:38:14,2015-11-04 05:05:50,https://upload.wikimedia.org/wikipedia/zh/thumb/c/c1/Emblem_of_Democratic_Progressive_Party_(new).svg/1024px-Emblem_of_Democratic_Progressive_Party_(new).svg.png
50,http://vote.ly.g0v.tw/api/legislator_terms/2088/,2088,http://vote.ly.g0v.tw/api/legislator/1387/,8,謝國樑,基隆市,男,中國國民黨,1,聖心國小\二信中學\美國南加州大學社會系學士\美國麻省理工學院科技管理學碩士,第6、7屆立法委員\立法院第6、7屆司法委員會召集委員\立法院第6、7屆紀律、程序委員會委員\第7屆第7會期國民黨團書記長。\公誠證券股份有限公司總經理\中華民國證券同業公會理事\中華民國證券商同業公會公共關係委員會召集人\證券暨期貨管理委員會研究員\基隆市警察志工大隊大隊長。,http://www.ly.gov.tw/upload/01_introduce/0103_leg/LGpicture/80106.jpg,2015-10-30 18:38:14,2015-11-04 05:05:50,http://attach.kmt.org.tw/200910/20091015163058.jpg
51,http://vote.ly.g0v.tw/api/legislator_terms/2387/,2387,http://vote.ly.g0v.tw/api/legislator/1731/,8,江啟臣,臺中市,男,中國國民黨,1,美國南卡羅萊納大學國際關係博士\美國匹茲堡大學公共暨國際事務碩士\國立政治大學外交學系畢業\台中一中畢業\豐南國中畢業\瑞穗國小畢業,行政院新聞局局長\東吳大學政治系副教授\台灣經濟研究院國際處代處長\太平洋經濟合作理事會中華民國委員會副秘書長\獲選中央社2006年「台灣十大潛力人物」,http://www.ly.gov.tw/upload/01_introduce/0103_leg/LGpicture/80010.jpg,2015-10-30 18:38:14,2015-11-04 05:05:50,http://attach.kmt.org.tw/200910/20091015163058.jpg
52,http://vote.ly.g0v.tw/api/legislator_terms/990/,990,http://vote.ly.g0v.tw/api/legislator/678/,8,潘維剛,全國不分區,女,中國國民黨,1,國立台灣師範大學法學博士,國民黨中常委\立院黨團書記長\台北市議員\立法委員\現代婦女基金會董事長\老人社會大學校長,http://www.ly.gov.tw/upload/01_introduce/0103_leg/LGpicture/80092.jpg,2015-10-30 18:38:14,2015-11-04 05:05:50,http://attach.kmt.org.tw/200910/20091015163058.jpg
53,http://vote.ly.g0v.tw/api/legislator_terms/1477/,1477,http://vote.ly.g0v.tw/api/legislator/898/,8,李鴻鈞,新北市,男,中國國民黨,1,日本大學工學博士\黎明工專畢,現任：\立法院台日交流聯誼會會長\臺北市政府國際事務委員會委員\臺灣民主基金會董事長\中華民國紅十字總會顧問\中華臺灣藏傳佛教聯合總會理事長\經歷：\第5、6、7屆立法委員\淡江大學建築所兼任副教授\立法院厚生會會長\立法院高速公路電子收費系統(ETC)調閱委員會召集人\臺北縣升格促進小組成員\思源醫療基金會董事\麗寶文教基金會執行長\日商大成建設副總緀理兼總工程師,http://www.ly.gov.tw/upload/01_introduce/0103_leg/LGpicture/80025.jpg,2015-10-30 18:38:14,2015-11-04 05:05:50,http://attach.kmt.org.tw/200910/20091015163058.jpg
54,http://vote.ly.g0v.tw/api/legislator_terms/2070/,2070,http://vote.ly.g0v.tw/api/legislator/1376/,8,潘孟安,屏東縣,男,民主進步黨,0,國立高雄師範大學成人教育研究所畢業,屏東縣議會第14、15屆議員\立法院第6、7屆立法委員,http://www.ly.gov.tw/upload/01_introduce/0103_leg/LGpicture/81091.jpg,2015-10-30 18:38:14,2015-11-04 05:05:50,https://upload.wikimedia.org/wikipedia/zh/thumb/c/c1/Emblem_of_Democratic_Progressive_Party_(new).svg/1024px-Emblem_of_Democratic_Progressive_Party_(new).svg.png
55,http://vote.ly.g0v.tw/api/legislator_terms/2366/,2366,http://vote.ly.g0v.tw/api/legislator/1717/,8,簡東明,山地原住民,男,中國國民黨,1,草埔國小畢業\枋竂初中畢業\省立屏東師專畢業,國立屏東師院肄業\國立中興大學行政研究所\學校教師主任17年\獅子鄉11、12屆鄉長\屏東縣第14、15、16屆縣議員\第7屆立法委員\中華海峽兩岸原住民族暨少數民族交流協會理事長\曾獲全國原住民首屆十大傑出青年\曾獲全國特殊優良教師\曾獲全國特優鄉長兩次,http://www.ly.gov.tw/upload/01_introduce/0103_leg/LGpicture/80107.jpg,2015-10-30 18:38:14,2015-11-04 05:05:50,http://attach.kmt.org.tw/200910/20091015163058.jpg
56,http://vote.ly.g0v.tw/api/legislator_terms/1166/,1166,http://vote.ly.g0v.tw/api/legislator/752/,8,蔡煌瑯,全國不分區,男,民主進步黨,1,台灣大學商學碩士\景文科大旅館管理科\政治大學行政專科,第3至7屆立法委員\立法院預算、交通委員會召集委員\立法院民進黨團幹事長\民進黨第10屆中執委、文宣部主任、副秘書長\體委會副主委,http://www.ly.gov.tw/upload/01_introduce/0103_leg/LGpicture/80096.jpg,2015-10-30 18:38:14,2015-11-04 05:05:50,https://upload.wikimedia.org/wikipedia/zh/thumb/c/c1/Emblem_of_Democratic_Progressive_Party_(new).svg/1024px-Emblem_of_Democratic_Progressive_Party_(new).svg.png
57,http://vote.ly.g0v.tw/api/legislator_terms/1314/,1314,http://vote.ly.g0v.tw/api/legislator/828/,8,陳明文,嘉義縣,男,民主進步黨,1,私立東海大學哲學系畢業,嘉義縣議會第9屆議員、第10屆議長\台灣省議會第8、9、10屆議員\第4屆立法委員\嘉義縣第14、15屆縣長\第7屆立法委員,http://www.ly.gov.tw/upload/01_introduce/0103_leg/LGpicture/80060.jpg,2015-10-30 18:38:14,2015-11-04 05:05:50,https://upload.wikimedia.org/wikipedia/zh/thumb/c/c1/Emblem_of_Democratic_Progressive_Party_(new).svg/1024px-Emblem_of_Democratic_Progressive_Party_(new).svg.png
58,http://vote.ly.g0v.tw/api/legislator_terms/960/,960,http://vote.ly.g0v.tw/api/legislator/665/,8,黃昭順,高雄市,女,中國國民黨,1,國立中山大學高階經營碩士\高雄醫學大學藥學系畢業\省立台南女中畢業\高雄市大同國小畢業,中華民國自由車協會理事長\中華民國紅十字會高雄分會理事\國際佛光會中華總會理事\慈濟功德會會員\高雄市議會第1至3屆市議員\2至8屆立法委員\行政院婦女權益促進委員會委員,http://www.ly.gov.tw/upload/01_introduce/0103_leg/LGpicture/80076.jpg,2015-10-30 18:38:14,2015-11-04 05:05:50,http://attach.kmt.org.tw/200910/20091015163058.jpg
59,http://vote.ly.g0v.tw/api/legislator_terms/2397/,2397,http://vote.ly.g0v.tw/api/legislator/1742/,8,林國正,高雄市,男,中國國民黨,1,臺灣大學農業經濟系學士\中央大學財務管理研究所碩士\臺灣大學國家發展訮究所博士班,台灣大學優秀青年代表\全國大專優秀青年代表\高雄區漁會總幹事\實踐大學財金系講師\2008年總統大選馬蕭競選總部發言人\國民黨青年團副總團長\高雄市第6、7屆議員\高雄市(合併)第1屆議員,http://www.ly.gov.tw/upload/01_introduce/0103_leg/LGpicture/80032.jpg,2015-10-30 18:38:14,2015-11-04 05:05:50,http://attach.kmt.org.tw/200910/20091015163058.jpg
60,http://vote.ly.g0v.tw/api/legislator_terms/2396/,2396,http://vote.ly.g0v.tw/api/legislator/1741/,8,林佳龍,臺中市,男,民主進步黨,0,美國耶魯大學政治學博士、碩士，人文哲學碩士\台灣大學政治系博士生，政治學碩士、法學士,總統府副秘書長\行政院新聞局長\國安會議諮詢委員\民進黨中央黨部秘書長\國民大會代表\聯合國機構訪問研究員\國立中正大學、臺中技術學院助理教授\社團法人臺灣大台中發展協會理事長\財團法人臺灣智庫董事長,http://www.ly.gov.tw/upload/01_introduce/0103_leg/LGpicture/80028.jpg,2015-10-30 18:38:14,2015-11-04 05:05:50,https://upload.wikimedia.org/wikipedia/zh/thumb/c/c1/Emblem_of_Democratic_Progressive_Party_(new).svg/1024px-Emblem_of_Democratic_Progressive_Party_(new).svg.png
61,http://vote.ly.g0v.tw/api/legislator_terms/2394/,2394,http://vote.ly.g0v.tw/api/legislator/1739/,8,李貴敏,全國不分區,女,中國國民黨,1,美國太平洋大學法學博士、碩士\國立政治大學法學碩士、學士,現任：\金典法律事務所所長\國立交通大學科法所兼任副教授\東吳大學EMBA兼任副教授\海基會財經法律顧問\中華民國暨美國加州律師\中華民國專利師\中華民國仲裁人協會仲裁人\曾任：\Baker&McKenzie法律事務所國際資深合夥律師\中華民國專利師公會理事／兩岸委員會主委\中華民國工商建研會理事／北區聯合會長\經濟部影像顯示器辦公室法律顧問\警察大學兼任副教授\淡江大學兼任副教授,http://www.ly.gov.tw/upload/01_introduce/0103_leg/LGpicture/80022.jpg,2015-10-30 18:38:14,2015-11-04 05:05:50,http://attach.kmt.org.tw/200910/20091015163058.jpg
62,http://vote.ly.g0v.tw/api/legislator_terms/1062/,1062,http://vote.ly.g0v.tw/api/legislator/708/,8,李應元,全國不分區,男,民主進步黨,1,崙背國小\虎尾初中\台中一中\台大公衛系學士、碩士\哈佛大學醫管碩士\美國北卡醫療經濟學博士,立法委員\駐美副代表\行政院秘書長\行政院勞工委員會主任委員\行政院政務委員\雲林社社長,http://www.ly.gov.tw/upload/01_introduce/0103_leg/LGpicture/80024.jpg,2015-10-30 18:38:14,2015-11-04 05:05:50,https://upload.wikimedia.org/wikipedia/zh/thumb/c/c1/Emblem_of_Democratic_Progressive_Party_(new).svg/1024px-Emblem_of_Democratic_Progressive_Party_(new).svg.png
63,http://vote.ly.g0v.tw/api/legislator_terms/2389/,2389,http://vote.ly.g0v.tw/api/legislator/1733/,8,何欣純,臺中市,女,民主進步黨,1,塗城國小\成功國中\台中女中\國立成功大學\英國約克大學婦女研究碩士,第1屆大台中市議員\第15、16屆台中縣議員,http://www.ly.gov.tw/upload/01_introduce/0103_leg/LGpicture/80012.jpg,2015-10-30 18:38:14,2015-11-04 05:05:50,https://upload.wikimedia.org/wikipedia/zh/thumb/c/c1/Emblem_of_Democratic_Progressive_Party_(new).svg/1024px-Emblem_of_Democratic_Progressive_Party_(new).svg.png
64,http://vote.ly.g0v.tw/api/legislator_terms/2083/,2083,http://vote.ly.g0v.tw/api/legislator/1384/,8,薛凌,全國不分區,女,民主進步黨,1,開南大學企管系,國立政治大學公共關係研習班結業\第6、7屆立法委員\民進黨中央黨部第8屆中執委\內政委員會召集委員(第6屆第6會期)\賦稅改革會諮詢委員\國家建築金質獎副召集人\壽險公會顧問\建築開發商業同業公會全國聯合會顧問\全國婦女創業金融諮詢顧問\新時代婦女會會長\陽信文教基金會執行長\綠色文化協會執行長,http://www.ly.gov.tw/upload/01_introduce/0103_leg/LGpicture/80105.jpg,2015-10-30 18:38:14,2015-11-04 05:05:50,https://upload.wikimedia.org/wikipedia/zh/thumb/c/c1/Emblem_of_Democratic_Progressive_Party_(new).svg/1024px-Emblem_of_Democratic_Progressive_Party_(new).svg.png
65,http://vote.ly.g0v.tw/api/legislator_terms/2398/,2398,http://vote.ly.g0v.tw/api/legislator/1743/,8,邱文彥,全國不分區,男,中國國民黨,1,美國賓夕法尼亞大學(U.PENN)都市與區域規則博士、碩士\國立中興大學都市計劃研究所碩士\國立成功大學都市計劃系學士\高雄中學畢業\屏東縣明正中學畢業\屏東縣內埔鄉東勢國小畢業,行政院環境保護署政務副署長\國立臺灣海洋大學海洋事務及資源管理研究所教授兼所長\國立中山大學海洋環境及工程系副教授\總統府國土保育及開發諮詢委員會委員\行政院國家永續發展委員會委員、副執行長\行政院環保署環境影響評估委員會副主任委員,http://www.ly.gov.tw/upload/01_introduce/0103_leg/LGpicture/80037.jpg,2015-10-30 18:38:14,2015-11-04 05:05:50,http://attach.kmt.org.tw/200910/20091015163058.jpg
66,http://vote.ly.g0v.tw/api/legislator_terms/1993/,1993,http://vote.ly.g0v.tw/api/legislator/1327/,8,李昆澤,高雄市,男,民主進步黨,1,輔大歷史系畢\中山大學政治學碩士,蔡英文主席特別助理\第6屆立法委員（交通委員會）\第6屆高雄市議員（民進黨團總召）\第3屆國大代表（修憲審查小組召集人）\高雄縣政府新聞室主任\民進黨大型造勢晚會主持人\陳定南立委特別助理\台灣人權促進會總幹事\台灣人權雜誌總主筆\台灣環保聯盟幹事\電器維修工\成衣廠縫紉機維修工,http://www.ly.gov.tw/upload/01_introduce/0103_leg/LGpicture/80019.jpg,2015-10-30 18:38:14,2015-11-04 05:05:50,https://upload.wikimedia.org/wikipedia/zh/thumb/c/c1/Emblem_of_Democratic_Progressive_Party_(new).svg/1024px-Emblem_of_Democratic_Progressive_Party_(new).svg.png
67,http://vote.ly.g0v.tw/api/legislator_terms/1537/,1537,http://vote.ly.g0v.tw/api/legislator/923/,8,高志鵬,新北市,男,民主進步黨,1,台灣大學EMBA商學研究所碩士\輔仁大學法律系財經法學組\建國中學,公民國會監督聯盟評鑑第一名立委及優秀不\分區立委、名陽法律事務所執業律師、第\五、六、七屆立法委員、立法院財政委員會\召委、民進黨團書記長、民進黨團幹事長、\台啤籃球隊領隊、三重體育會常務委員、三\重社區大學顧問,http://www.ly.gov.tw/upload/01_introduce/0103_leg/LGpicture/80051.jpg,2015-10-30 18:38:14,2015-11-04 05:05:50,https://upload.wikimedia.org/wikipedia/zh/thumb/c/c1/Emblem_of_Democratic_Progressive_Party_(new).svg/1024px-Emblem_of_Democratic_Progressive_Party_(new).svg.png
68,http://vote.ly.g0v.tw/api/legislator_terms/1472/,1472,http://vote.ly.g0v.tw/api/legislator/896/,8,李桐豪,全國不分區,男,親民黨,1,國立台灣大學經濟系學士\美國俄亥俄州立大學經濟博士,國立政治大學商學院金融系教授\臺灣證交所監察人\總統府財經諮詢小組委員\政治大學商學院銀行研究中心主任\修憲任務型國大代表\第5屆立法委員(全國不分區)\國立政治大學商學院金融系主任\美國財務分析師學院特許金融分析師(CFA),http://www.ly.gov.tw/upload/01_introduce/0103_leg/LGpicture/80021.jpg,2015-10-30 18:38:14,2015-11-04 05:05:50,https://upload.wikimedia.org/wikipedia/zh/thumb/6/66/Flag_of_People_First_Party.svg/125px-Flag_of_People_First_Party.svg.png
69,http://vote.ly.g0v.tw/api/legislator_terms/675/,675,http://vote.ly.g0v.tw/api/legislator/546/,8,洪秀柱,全國不分區,女,中國國民黨,1,美國密蘇里州立東北大學教育碩士,1.秀峰國中、板橋國中、華僑中學教師兼訓導主任、教務主任\2.中國國民黨台北縣黨部婦工組組長、台灣省黨部編審\3.中央黨部青工會副主任、婦工會副主任、政策會立法院工作會副主任、政策會副執行長\4.第1、2、3、4、5、6、7屆立法委員\5.中國國民黨中央常務委員\6.中國國民黨中央委員會副秘書長兼考紀會主任委員\7.中華關懷弱勢族群愛心大聯盟理事長\8.中華民國世界土風舞總會理事長\9.中華民國腎臟防治基金會董事長\10.中華民國體育運動總會總顧問,http://www.ly.gov.tw/upload/01_introduce/0103_leg/LGpicture/80043.jpg,2015-10-30 18:38:14,2015-11-04 05:05:50,http://attach.kmt.org.tw/200910/20091015163058.jpg
70,http://vote.ly.g0v.tw/api/legislator_terms/1601/,1601,http://vote.ly.g0v.tw/api/legislator/960/,8,楊麗環,桃園縣,女,中國國民黨,1,法國史湯達爾大學預科博士\法國史湯達爾大學碩士\高雄師範大學學士\北一女中\振聲中學\成功國小,第5、6、7屆立法委員\立法院國民黨團副書記長\立法院衛生環境及社會福利委員會召集委員\立法院交通委員會召集委員\桃園縣第14屆縣議員\桃園市同安里里長\桃園市婦女會理事長\台北縣秀峰國中教師,http://www.ly.gov.tw/upload/01_introduce/0103_leg/LGpicture/80082.jpg,2015-10-30 18:38:14,2015-11-04 05:05:50,http://attach.kmt.org.tw/200910/20091015163058.jpg
71,http://vote.ly.g0v.tw/api/legislator_terms/1543/,1543,http://vote.ly.g0v.tw/api/legislator/926/,8,高金素梅,山地原住民,女,無黨團結聯盟,1,青年高中\中央民族大學-民族學,2011年取得大陸中央民族大學民族學專業學士學位\財團法人癌症關懷基金會董事長\財團法人肝炎防治基金會終身義工\原住民親善大使\消防大使\第5、6、7屆立法委員\台灣原住民防災救難協會榮譽總隊長,http://www.ly.gov.tw/upload/01_introduce/0103_leg/LGpicture/80052.jpg,2015-10-30 18:38:14,2015-11-04 05:05:50,https://upload.wikimedia.org/wikipedia/zh/thumb/a/ac/Flag_of_NPSU.svg/125px-Flag_of_NPSU.svg.png
72,http://vote.ly.g0v.tw/api/legislator_terms/2406/,2406,http://vote.ly.g0v.tw/api/legislator/1752/,8,陳碧涵,全國不分區,女,中國國民黨,1,美國南加州大學博士\日本國立筑波大學舞蹈方法學碩士\中國文化大學體育系舞蹈組學士\國立武陵高級中學畢業,國立臺灣戲曲學院教務長\行政院客家委員會第5、6屆委員\國立臺灣體育運動大學體育舞蹈學系暨碩士班\主任、圖書館館長、師資培育中心教學組長\臺灣身體文化學會理事\臺灣舞蹈研究學會理事\教育部體育辭典舞蹈類撰寫人等,http://www.ly.gov.tw/upload/01_introduce/0103_leg/LGpicture/80068.jpg,2015-10-30 18:38:14,2015-11-04 05:05:50,http://attach.kmt.org.tw/200910/20091015163058.jpg
73,http://vote.ly.g0v.tw/api/legislator_terms/2360/,2360,http://vote.ly.g0v.tw/api/legislator/1713/,8,鄭汝芬,彰化縣,女,中國國民黨,1,明道大學畢業,第7屆立法委員\彰化縣議會第15屆議員\財團法人謝言信謝林玉鶯文教基金會執行長\北斗社會大學校長\彰化義消北斗婦宣分隊長\彰化家扶田中區副主任\後備憲兵溪州聯絡中心顧問\彰化婦聯會顧問,http://www.ly.gov.tw/upload/01_introduce/0103_leg/LGpicture/80099.jpg,2015-10-30 18:38:14,2015-11-04 05:05:50,http://attach.kmt.org.tw/200910/20091015163058.jpg
74,http://vote.ly.g0v.tw/api/legislator_terms/2391/,2391,http://vote.ly.g0v.tw/api/legislator/1735/,8,吳宜臻,全國不分區,女,民主進步黨,1,國立台灣大學法律系法學士\國立交通大學法學碩士,律師\台北市苗栗同鄉會副理事長\寶島客家電台主持人\任務型國大代表\台北市女權會理事長\行政院婦女權益促進委員會委員\台北律師公會理事,http://www.ly.gov.tw/upload/01_introduce/0103_leg/LGpicture/80015.jpg,2015-10-30 18:38:14,2015-11-04 05:05:50,https://upload.wikimedia.org/wikipedia/zh/thumb/c/c1/Emblem_of_Democratic_Progressive_Party_(new).svg/1024px-Emblem_of_Democratic_Progressive_Party_(new).svg.png
75,http://vote.ly.g0v.tw/api/legislator_terms/2399/,2399,http://vote.ly.g0v.tw/api/legislator/1744/,8,邱志偉,高雄市,男,民主進步黨,1,淡江大學俄羅斯研究所法學碩士\國立台灣大學國家發展研究所法學碩士\國立中山大學大陸研究所社會科學博士,高雄市府民政局長\高雄縣府民政處長\修憲國民大會代表\立陶宛維爾紐斯大學講座教授\愛沙尼亞塔圖大學講座教授\南華大學旅遊系助理教授\英國劍橋大學國際關係研究所\比利時魯汶大學歐洲研究所\中正大學國際經濟所博士班\◆◆律師服務時間◆◆\【岡山服務處】\每星期一 晚上7點-9點\每星期三 下午3點-5點\每星期六 上午10點-12點\【茄萣服務處】\每星期三 晚上7點-9點\【梓官服務處】\每星期二 晚上7點-9點\【橋頭區邱志偉立委與陳政聞議員聯合服務處】\每星期四 晚上7點-9點\【路竹區邱志偉立委與陳明澤議員聯合服務處】\每星期三 晚上7點-9點\【路竹區邱志偉立委與張文瑞議員聯合服務處】\每星期五 晚上7點-9點,http://www.ly.gov.tw/upload/01_introduce/0103_leg/LGpicture/80038.jpg,2015-10-30 18:38:14,2015-11-04 05:05:50,https://upload.wikimedia.org/wikipedia/zh/thumb/c/c1/Emblem_of_Democratic_Progressive_Party_(new).svg/1024px-Emblem_of_Democratic_Progressive_Party_(new).svg.png
76,http://vote.ly.g0v.tw/api/legislator_terms/1644/,1644,http://vote.ly.g0v.tw/api/legislator/981/,8,蕭美琴,全國不分區,女,民主進步黨,1,美國哥倫比亞大學政治學碩士\美國歐柏林大學東亞研究學士,第5、6、8屆立法委員\新境界文教基金會副執行長\民進黨國際事務部主任\臺灣民主基金會董事\日安花蓮協會理事長\總統府顧問\國際自由政黨聯盟(LI)副主席\亞洲民主自由聯盟(CALD)秘書長,http://www.ly.gov.tw/upload/01_introduce/0103_leg/LGpicture/80103.jpg,2015-10-30 18:38:14,2015-11-04 05:05:50,https://upload.wikimedia.org/wikipedia/zh/thumb/c/c1/Emblem_of_Democratic_Progressive_Party_(new).svg/1024px-Emblem_of_Democratic_Progressive_Party_(new).svg.png
77,http://vote.ly.g0v.tw/api/legislator_terms/2413/,2413,http://vote.ly.g0v.tw/api/legislator/1759/,8,楊曜,澎湖縣,男,民主進步黨,1,東海大學法律系畢業\馬公高中畢業,中華民國第8屆立法委員\澎湖縣工業策進會總幹事\澎湖縣議會第16．17屆議員(民95.03.01~101.01.31)\民進黨澎湖縣黨部主任委員\澎湖縣工業策進會總幹事,http://www.ly.gov.tw/upload/01_introduce/0103_leg/LGpicture/80080.jpg,2015-10-30 18:38:14,2015-11-04 05:05:50,https://upload.wikimedia.org/wikipedia/zh/thumb/c/c1/Emblem_of_Democratic_Progressive_Party_(new).svg/1024px-Emblem_of_Democratic_Progressive_Party_(new).svg.png
78,http://vote.ly.g0v.tw/api/legislator_terms/2407/,2407,http://vote.ly.g0v.tw/api/legislator/1753/,8,陳歐珀,宜蘭縣,男,民主進步黨,1,員山大湖國小\宜蘭復興國中\國立宜蘭高中\國立中興大學碩士,國立台灣大學環工博士班\宜蘭縣政府機要秘書\勞委會羅東、新店就業服務站站長\國民大會代表\民進黨宜蘭縣黨部主任委員\台灣省議會議員\三星鄉代理鄉長(創辦蔥蒜節)\國立宜蘭大學兼任講師\1987年高考及格,http://www.ly.gov.tw/upload/01_introduce/0103_leg/LGpicture/80069.jpg,2015-10-30 18:38:14,2015-11-04 05:05:50,https://upload.wikimedia.org/wikipedia/zh/thumb/c/c1/Emblem_of_Democratic_Progressive_Party_(new).svg/1024px-Emblem_of_Democratic_Progressive_Party_(new).svg.png
79,http://vote.ly.g0v.tw/api/legislator_terms/1989/,1989,http://vote.ly.g0v.tw/api/legislator/1324/,8,吳秉叡,全國不分區,男,民主進步黨,1,士林國中\成功高中\政治大學法律系法學組學士\政治大學法律學研究所碩士\司法官訓練所司法官第29期結業,臺灣臺東地方法院法官\臺北縣政府蘇貞昌縣長機要秘書\第6屆立法委員\民主進步黨第12屆中央黨祁執行委員、常務委員\民主進步黨台北縣黨部第12、13屆主任委員\民主進步黨新北市黨部第1屆主任委員\野百合學生運動政大學生代表,http://www.ly.gov.tw/upload/01_introduce/0103_leg/LGpicture/80016.jpg,2015-10-30 18:38:14,2015-11-04 05:05:50,https://upload.wikimedia.org/wikipedia/zh/thumb/c/c1/Emblem_of_Democratic_Progressive_Party_(new).svg/1024px-Emblem_of_Democratic_Progressive_Party_(new).svg.png
80,http://vote.ly.g0v.tw/api/legislator_terms/1107/,1107,http://vote.ly.g0v.tw/api/legislator/726/,8,徐少萍,全國不分區,女,中國國民黨,1,東吳大學法律系畢業,第3、4、5、6、7、8屆立法委員\立法院交通委員會召集委員、程序委員\立法院預算及決算委員會召集委員、程序委員\立法院衛生環境及社會福利委員會召集委員、程序委員\立法院國防委員會程序委員\立法院中國國民黨團書記長\中國國民黨中央常務委員\中菲國會議員友好協會會長\世界自由民主聯盟監事\中華救助總會理事\婦聯會基隆分會主委\21世紀婦女文教基金會董事\財團法人郭錫瑠先生文教基金會董事\財團法人護理人員愛滋病防治基金會董事\財團法人婦女政策推動發展文教基金會董事\財團法人雨陽文教基金會董事長\基隆市救濟事業協會董事\基隆市婦女愛心保護協會名譽理事長\基隆市傷殘協會創會會長\基隆市女童軍會理事長,http://www.ly.gov.tw/upload/01_introduce/0103_leg/LGpicture/80046.jpg,2015-10-30 18:38:14,2015-11-04 05:05:50,http://attach.kmt.org.tw/200910/20091015163058.jpg
81,http://vote.ly.g0v.tw/api/legislator_terms/2416/,2416,http://vote.ly.g0v.tw/api/legislator/1762/,8,劉櫂豪,臺東縣,男,民主進步黨,1,臺東仁愛國小\臺東新生國中\臺東高中\國立政治大學法律系畢\國立臺灣大學EMBA管理碩士班(肄業),高雄地方法院法官\臺東地方法院法官\臺東縣副縣長\律師\民進黨中央黨部組織推廣部主任,http://www.ly.gov.tw/upload/01_introduce/0103_leg/LGpicture/80090.jpg,2015-10-30 18:38:14,2015-11-04 05:05:50,https://upload.wikimedia.org/wikipedia/zh/thumb/c/c1/Emblem_of_Democratic_Progressive_Party_(new).svg/1024px-Emblem_of_Democratic_Progressive_Party_(new).svg.png
82,http://vote.ly.g0v.tw/api/legislator_terms/2011/,2011,http://vote.ly.g0v.tw/api/legislator/1338/,8,林滄敏,彰化縣,男,中國國民黨,1,東海大學公共事務 碩士,第6、7屆立法委員\立法院國民黨團書記長\立法院經濟委員會召集委員、委員長\中國國民黨中常委\彰化縣議會第13、14、15屆議員\中華民國曲棍球協會理事長\彰化縣水上救生協會理事長\彰邑學士吟詩社創辦人,http://www.ly.gov.tw/upload/01_introduce/0103_leg/LGpicture/80034.jpg,2015-10-30 18:38:14,2015-11-04 05:05:50,http://attach.kmt.org.tw/200910/20091015163058.jpg
83,http://vote.ly.g0v.tw/api/legislator_terms/1510/,1510,http://vote.ly.g0v.tw/api/legislator/913/,8,邱議瑩,高雄市,女,民主進步黨,1,美國舊金山多明尼肯大學企管研究所碩士,第3屆國民大會代表\第8、9屆民主進步黨中央常務委員\第5、7屆立法委員\行政院客家委員會副主任委員,http://www.ly.gov.tw/upload/01_introduce/0103_leg/LGpicture/80039.jpg,2015-10-30 18:38:14,2015-11-04 05:05:50,https://upload.wikimedia.org/wikipedia/zh/thumb/c/c1/Emblem_of_Democratic_Progressive_Party_(new).svg/1024px-Emblem_of_Democratic_Progressive_Party_(new).svg.png
84,http://vote.ly.g0v.tw/api/legislator_terms/692/,692,http://vote.ly.g0v.tw/api/legislator/551/,8,翁重鈞,嘉義縣,男,中國國民黨,1,文化大學新聞系學士\文化大學國際企業管理研究所碩士\國立台灣大學會計研究所碩士\台南二中畢業\台南市中畢業\義竹國小畢業,第10、11屆嘉義縣議員\第1、2、3、4、6、7屆立法委員\立法院國防、財政、經濟、交通、預算委員會召集委員\大同技術學院、稻江管理學院講師\台灣南海普陀山宗教交流協會理事長\人間文教基金會創辦人\國觀會評鑑為十大傑出立委\澄社及國會記者評鑑為預算審查表現最優第二名,http://www.ly.gov.tw/upload/01_introduce/0103_leg/LGpicture/80049.jpg,2015-10-30 18:38:14,2015-11-04 05:05:50,http://attach.kmt.org.tw/200910/20091015163058.jpg
85,http://vote.ly.g0v.tw/api/legislator_terms/2457/,2457,http://vote.ly.g0v.tw/api/legislator/1804/,8,陳怡潔,全國不分區,女,親民黨,1,銘傳大學管理學院管理研究所博士,銘傳大學管理學院助理教授\德明財經科技大學助理教授\康寧護專企管科講師\財團法人台北市陳安文教基金會執行長,http://www.ly.gov.tw/upload/01_introduce/0103_leg/LGpicture/81115.jpg,2015-10-30 18:38:14,2015-11-04 05:05:50,https://upload.wikimedia.org/wikipedia/zh/thumb/6/66/Flag_of_People_First_Party.svg/125px-Flag_of_People_First_Party.svg.png
86,http://vote.ly.g0v.tw/api/legislator_terms/2414/,2414,http://vote.ly.g0v.tw/api/legislator/1760/,8,詹凱臣,僑居國外國民,男,中國國民黨,1,淡江大學畢業\美國威斯康辛州國際大學企管碩士,僑務委員\世界台灣商會14屆監事長\世界自由民主聯盟海外委員\北美洲台灣商會秘書長,http://www.ly.gov.tw/upload/01_introduce/0103_leg/LGpicture/80084.jpg,2015-10-30 18:38:14,2015-11-04 05:05:50,http://attach.kmt.org.tw/200910/20091015163058.jpg
87,http://vote.ly.g0v.tw/api/legislator_terms/794/,794,http://vote.ly.g0v.tw/api/legislator/607/,8,李慶華,新北市,男,中國國民黨,1,美國紐約大學歷史學博士\國立政治大學法律學士,第2、3、4、5、6、7、8屆立法委員\國立政治大學歷史系副教授\中華奧會副主席兼秘書長,http://www.ly.gov.tw/upload/01_introduce/0103_leg/LGpicture/80023.jpg,2015-10-30 18:38:14,2015-11-04 05:05:50,http://attach.kmt.org.tw/200910/20091015163058.jpg
88,http://vote.ly.g0v.tw/api/legislator_terms/2015/,2015,http://vote.ly.g0v.tw/api/legislator/1340/,8,林鴻池,新北市,男,中國國民黨,1,政治大學政治研究所\成功大學交通管理科學系學士\建國中學,第6、7屆立法委員\中國國民黨中央政策會執行長\中國國民黨副秘書長\立法院國黨團書記長\第8、9屆板橋市長\第2、3屆國大代表\中華民國鄉鎮市長聯誼總會會長\救國團台北縣團委會主任委員\靜宜大學、空中大學兼任講師\台北縣家庭扶助中心主任委員,http://www.ly.gov.tw/upload/01_introduce/0103_leg/LGpicture/80036.jpg,2015-10-30 18:38:14,2015-11-04 05:05:50,http://attach.kmt.org.tw/200910/20091015163058.jpg
89,http://vote.ly.g0v.tw/api/legislator_terms/2465/,2465,http://vote.ly.g0v.tw/api/legislator/1812/,8,莊瑞雄,屏東縣,男,民主進步黨,1,國立臺灣大學農業經濟學系碩士\國立臺北大學企業管理學系碩士\國立臺灣大學法律學系學士,執業律師\民進黨發言人\民進黨中央執行委員\第13、14屆民進黨台北市黨部主委\民進黨地方黨部主委聯誼會總會長\第10、11屆台北市議員\民進黨台北市議會黨團副總召\中央選舉委員會巡迴監察員\綠色和平電台主持人\台灣國家山岳協會理事長,http://www.ly.gov.tw/upload/01_introduce/0103_leg/LGpicture/81120.jpg,2015-10-30 18:38:14,2015-11-04 05:05:50,https://upload.wikimedia.org/wikipedia/zh/thumb/c/c1/Emblem_of_Democratic_Progressive_Party_(new).svg/1024px-Emblem_of_Democratic_Progressive_Party_(new).svg.png
90,http://vote.ly.g0v.tw/api/legislator_terms/2368/,2368,http://vote.ly.g0v.tw/api/legislator/1718/,8,蘇震清,屏東縣,男,民主進步黨,1,國立屏東科技大學農企業管理系碩士,第15、16屆縣議員\陳總統屏東競選總部副總幹事\蘇嘉全縣長辦公室主任\曹啟鴻立委北區督導\民進黨第7屆全國黨代表\民進黨中央黨部執行委員\第7、8屆立法委員,http://www.ly.gov.tw/upload/01_introduce/0103_leg/LGpicture/80113.jpg,2015-10-30 18:38:14,2015-11-04 05:05:50,https://upload.wikimedia.org/wikipedia/zh/thumb/c/c1/Emblem_of_Democratic_Progressive_Party_(new).svg/1024px-Emblem_of_Democratic_Progressive_Party_(new).svg.png
91,http://vote.ly.g0v.tw/api/legislator_terms/2461/,2461,http://vote.ly.g0v.tw/api/legislator/1808/,8,黃國書,臺中市,男,民主進步黨,1,國立台中一中\國立台北藝術大學\國立中興大學國際政治研究所碩士,臺中市議員(連任5屆)\臺中市議會教育文化委員會召集人\民進黨第7屆中評委\台中一中校友會監事\台中市圍棋協會理事長\台中市醫師公會顧問\台中市書法協會理事\台中市西屯扶輪社社友,http://www.ly.gov.tw/upload/01_introduce/0103_leg/LGpicture/81123.jpg,2015-10-30 18:38:14,2015-11-04 05:05:50,https://upload.wikimedia.org/wikipedia/zh/thumb/c/c1/Emblem_of_Democratic_Progressive_Party_(new).svg/1024px-Emblem_of_Democratic_Progressive_Party_(new).svg.png
92,http://vote.ly.g0v.tw/api/legislator_terms/2462/,2462,http://vote.ly.g0v.tw/api/legislator/1809/,8,陳素月,彰化縣,女,民主進步黨,1,文化大學史學研究所碩士\文化大學史學系\台中女中\南投縣名間國中\南投縣僑興國小,第16屆、17屆彰化縣議員\國立空中大學講師\財團法人拓展文教基金會執行長\立法委員魏明谷國會助理\大葉大學兼任講師\民主進步黨第10屆~16屆全國黨員代表\彰化縣南投同鄉會總幹事\2010-2011年員林百果山獅子會會長,http://www.ly.gov.tw/upload/01_introduce/0103_leg/LGpicture/81122.jpg,2015-10-30 18:38:14,2015-11-04 05:05:50,https://upload.wikimedia.org/wikipedia/zh/thumb/c/c1/Emblem_of_Democratic_Progressive_Party_(new).svg/1024px-Emblem_of_Democratic_Progressive_Party_(new).svg.png
93,http://vote.ly.g0v.tw/api/legislator_terms/2419/,2419,http://vote.ly.g0v.tw/api/legislator/1765/,8,蘇清泉,全國不分區,男,中國國民黨,1,中山醫學大學醫學博士、碩士、醫學士,安泰醫療社團法人安泰醫院院長\中華民國區域醫院協會理事長\台灣私立醫療院所協會理事長\中華民國醫師公會全國聯合會理事長\台灣醫院協會副理事長,http://www.ly.gov.tw/upload/01_introduce/0103_leg/LGpicture/80112.jpg,2015-10-30 18:38:14,2015-11-04 05:05:50,http://attach.kmt.org.tw/200910/20091015163058.jpg
94,http://vote.ly.g0v.tw/api/legislator_terms/2379/,2379,http://vote.ly.g0v.tw/api/legislator/1724/,8,馬文君,南投縣,女,中國國民黨,1,嘉南藥專（嘉南藥理科技大學）藥理科畢業\逢甲大學高階經營管理(EMBA)碩士,第7屆立法委員\南投縣埔里鎮第14、15屆鎮長\南投縣第13屆縣議員\中國國民黨埔里鎮黨部主委\南投縣家扶中心委員,http://www.ly.gov.tw/upload/01_introduce/0103_leg/LGpicture/80050.jpg,2015-10-30 18:38:14,2015-11-04 05:05:50,http://attach.kmt.org.tw/200910/20091015163058.jpg
95,http://vote.ly.g0v.tw/api/legislator_terms/2418/,2418,http://vote.ly.g0v.tw/api/legislator/1764/,8,鄭麗君,全國不分區,女,民主進步黨,1,台灣大學哲學系學士\法國巴黎第十大學政治、經濟、社會哲學碩士\法國巴黎第十大學哲學博士候選人,東吳大學政治系兼任講師\財團法人臺灣智庫辦公室主任\行政院青年輔導委員會主任委員\財團法人國家文化藝術基金會董事\2008「逆風前進．最愛臺灣」行腳團召集人\人民作主運動發言人\台灣智庫執行長(董事)\青平台基金會董事長(兼執行長)\蔡英文新北市競選辦公室發言人\蔡英文總統競選辦公室發言人,http://www.ly.gov.tw/upload/01_introduce/0103_leg/LGpicture/81100.jpg,2015-10-30 18:38:14,2015-11-04 05:05:50,https://upload.wikimedia.org/wikipedia/zh/thumb/c/c1/Emblem_of_Democratic_Progressive_Party_(new).svg/1024px-Emblem_of_Democratic_Progressive_Party_(new).svg.png
96,http://vote.ly.g0v.tw/api/legislator_terms/2384/,2384,http://vote.ly.g0v.tw/api/legislator/1728/,8,王育敏,全國不分區,女,中國國民黨,1,東海大學社會工作學系碩士\東海大學社會工作學系學士,總統府人權諮詢小組委員\行政院人權保障推動小組委員\內政部兒少福利促進委員會委員\台北市社會福利委員會委員\台北市兒少福利委員會委員\台北市家庭暴力防治委員會委員\新北市兒少福利政策諮詢委員會委員\衛生署預防接種受害救濟審議小組委員\NCC廣告與節目諮詢委員會委員\中華民國新聞評議會委員\衛星公會新聞自律諮詢委員會委員\東海大學兼任講師,http://www.ly.gov.tw/upload/01_introduce/0103_leg/LGpicture/80004.jpg,2015-10-30 18:38:14,2015-11-04 05:05:50,http://attach.kmt.org.tw/200910/20091015163058.jpg
97,http://vote.ly.g0v.tw/api/legislator_terms/2372/,2372,http://vote.ly.g0v.tw/api/legislator/1720/,8,陳淑慧,全國不分區,女,中國國民黨,1,東吳大學電子計算機應用科學系\美國佛羅里達州理工學院電腦碩士\美國南達科達州立大學高等教育研究所博士班,第7屆立法委員\義守大學專任講師\長榮大學兼任講師,http://www.ly.gov.tw/upload/01_introduce/0103_leg/LGpicture/80064.jpg,2015-10-30 18:38:14,2015-11-04 05:05:50,http://attach.kmt.org.tw/200910/20091015163058.jpg
98,http://vote.ly.g0v.tw/api/legislator_terms/2412/,2412,http://vote.ly.g0v.tw/api/legislator/1758/,8,楊應雄,金門縣,男,中國國民黨,1,金沙國小\金沙國中\金門高中\輔仁大學經濟系學士\廈門大學工商管理碩士,金門縣第3.4.5.屆縣議員\高雄市金門同鄉會理事長\金門縣旅遊發展協會理事長\金門縣慢速壘球運動委員會主任委員\金門縣後備憲兵協會理事長\金門縣總工會顧問\金門酒廠產業工會顧問,http://www.ly.gov.tw/upload/01_introduce/0103_leg/LGpicture/80079.jpg,2015-10-30 18:38:14,2015-11-04 05:05:50,http://attach.kmt.org.tw/200910/20091015163058.jpg
99,http://vote.ly.g0v.tw/api/legislator_terms/2370/,2370,http://vote.ly.g0v.tw/api/legislator/1719/,8,張嘉郡,雲林縣,女,中國國民黨,1,英國南漢普頓大學國際關係碩士\英國倫敦大學企業管理系學士\英國凱特倫中學畢業\雲林縣正心中學\雲林縣虎尾國小畢業,吳鳳技術學院講師\雲林農田水利會機要秘書\雲林縣婦聯會分會總幹事\雲林縣婦工會副總會長\雲萱婦幼文教基金會董事\青埔教育基金會執行長\台北市雲林同鄉會顧問\6嘉7青年發展協會理事長\第7屆立法委員\中華民國雲林同鄉總會榮譽副總會長,http://www.ly.gov.tw/upload/01_introduce/0103_leg/LGpicture/80053.jpg,2015-10-30 18:38:14,2015-11-04 05:05:50,http://attach.kmt.org.tw/200910/20091015163058.jpg
100,http://vote.ly.g0v.tw/api/legislator_terms/2352/,2352,http://vote.ly.g0v.tw/api/legislator/1708/,8,陳亭妃,臺南市,女,民主進步黨,1,協進國小\中山國中\家齊女中\文化大學\長榮大學經營管理碩士,地方電視台新聞主播\民進黨中央黨代表\民進黨中央執行委員\民進黨台南市黨部主委\台南市第14、15、16屆市議員\長榮大學全國校友總會理事長\第7屆立法委員\立法院民進黨團副書記長\立法院民進黨團副幹事長\立法院民進黨團書記長\民主進步黨中央常務委員\【法律諮詢時間】\北區服務處：\每週一與三 19:00~21:00\安南區服務處：\每週四 19:00~21:00\每週六 14:30~17:00,http://www.ly.gov.tw/upload/01_introduce/0103_leg/LGpicture/80061.jpg,2015-10-30 18:38:14,2015-11-04 05:05:50,https://upload.wikimedia.org/wikipedia/zh/thumb/c/c1/Emblem_of_Democratic_Progressive_Party_(new).svg/1024px-Emblem_of_Democratic_Progressive_Party_(new).svg.png
101,http://vote.ly.g0v.tw/api/legislator_terms/1523/,1523,http://vote.ly.g0v.tw/api/legislator/918/,8,紀國棟,全國不分區,男,中國國民黨,0,中興大學國際政治研究所碩士,第5、6、7屆立法委員\國民黨中常委\大肚鄉長、公所秘書\台中縣退伍軍人協會理事長,http://www.ly.gov.tw/upload/01_introduce/0103_leg/LGpicture/80044.jpg,2015-10-30 18:38:14,2015-11-04 05:05:50,http://attach.kmt.org.tw/200910/20091015163058.jpg
102,http://vote.ly.g0v.tw/api/legislator_terms/1638/,1638,http://vote.ly.g0v.tw/api/legislator/979/,8,顏清標,臺中市,男,無黨團結聯盟,0,高中畢業,79-83 沙鹿鎮埔子里里長\83-84 台中縣議會第13屆縣議員\84-87 台灣省第10、11屆省議員\87-90 台中縣議會第14屆議長\87-100 第5、6、7屆立法委員\財團法人大甲鎮瀾宮董事長\財團法人大甲媽社會福利基金會董事長\中華民國義消總會常務理事\台中縣義消名譽總隊長\立法院無黨團結聯盟總召集人,http://www.ly.gov.tw/upload/01_introduce/0103_leg/LGpicture/80108.jpg,2015-10-30 18:38:14,2015-11-04 05:05:50,https://upload.wikimedia.org/wikipedia/zh/thumb/a/ac/Flag_of_NPSU.svg/125px-Flag_of_NPSU.svg.png
103,http://vote.ly.g0v.tw/api/legislator_terms/2077/,2077,http://vote.ly.g0v.tw/api/legislator/1380/,8,蔡錦隆,臺中市,男,中國國民黨,1,中華大學科技管理研究所碩士\東海大學地政班\修平技術學院\西苑中學\黎明國中\永安國小,第6、7、8屆立法委員\第14、15屆台中市議員\中國國民黨立法院黨團書記長\中國國民黨中央常務委員\僑光大學助理教授\修平大學講師\台中市義消副總隊長\台中市濟陽柯蔡宗親會理事長\台灣弱勢關懷協會理事長\四海國際同際會創會長,http://www.ly.gov.tw/upload/01_introduce/0103_leg/LGpicture/80097.jpg,2015-10-30 18:38:14,2015-11-04 05:05:50,http://attach.kmt.org.tw/200910/20091015163058.jpg
104,http://vote.ly.g0v.tw/api/legislator_terms/1974/,1974,http://vote.ly.g0v.tw/api/legislator/1316/,8,田秋堇,全國不分區,女,民主進步黨,1,台灣大學哲學系,台灣環盟宜蘭分會創會會長\宜蘭環保聯盟火力發電小組召集人\宜蘭縣反六輕組織總幹事\棲蘭檜木國家公園催生聯盟理事長\第6、7屆民進黨不分區立法委員,http://www.ly.gov.tw/upload/01_introduce/0103_leg/LGpicture/80009.jpg,2015-10-30 18:38:14,2015-11-04 05:05:50,https://upload.wikimedia.org/wikipedia/zh/thumb/c/c1/Emblem_of_Democratic_Progressive_Party_(new).svg/1024px-Emblem_of_Democratic_Progressive_Party_(new).svg.png
105,http://vote.ly.g0v.tw/api/legislator_terms/2341/,2341,http://vote.ly.g0v.tw/api/legislator/1638/,8,羅淑蕾,臺北市,女,中國國民黨,1,東吳大學會計系畢業,台北市會計師公會理事長\中華婦女創業協會理事長\台北市重大災害民間賑災捐款專戶管理委員會委員\婦女新知基金會董事、監事、財務長\會計師公益促進會執行長\中華海峽兩岸文化產經科技促進會理事長\中華兩岸人道關懷協會常務理事\台灣省會計師公會常務理事,http://www.ly.gov.tw/upload/01_introduce/0103_leg/LGpicture/80111.jpg,2015-10-30 18:38:14,2015-11-04 05:05:50,http://attach.kmt.org.tw/200910/20091015163058.jpg
106,http://vote.ly.g0v.tw/api/legislator_terms/2460/,2460,http://vote.ly.g0v.tw/api/legislator/106/,8,周倪安,全國不分區,女,臺灣團結聯盟,1,元智大學管理研究所碩士\國立台灣大學農學士\中山女高,台聯組織部副主任\白領勞工反ＥＣＦＡ聯盟召集人\台聯政策部副主任\廣播政論主持\標準普爾金融研究員\創投專案經理,http://www.ly.gov.tw/upload/01_introduce/0103_leg/LGpicture/81118.jpg,2015-10-30 18:38:14,2015-11-04 05:05:50,https://upload.wikimedia.org/wikipedia/commons/thumb/5/5e/TUS.png/125px-TUS.png
107,http://vote.ly.g0v.tw/api/legislator_terms/2050/,2050,http://vote.ly.g0v.tw/api/legislator/1365/,8,費鴻泰,臺北市,男,中國國民黨,1,美國肯塔基大學統計學博士\美國北伊利諾大學統計學碩士\國立中興大學統計學學士\成功高中\大安國中\三興國小\信義國小,立法委員\國民黨中央常務委員\立法院國民黨團書記長\立法院財政委員會召集委員\立法院程序委員會召集委員\立法院經費稽核委員會委員\台北市議會副議長\台北市議員,http://www.ly.gov.tw/upload/01_introduce/0103_leg/LGpicture/80073.jpg,2015-10-30 18:38:14,2015-11-04 05:05:50,http://attach.kmt.org.tw/200910/20091015163058.jpg
108,http://vote.ly.g0v.tw/api/legislator_terms/1607/,1607,http://vote.ly.g0v.tw/api/legislator/962/,8,廖國棟,平地原住民,男,中國國民黨,1,台東縣都蘭國小\台東縣都蘭國中\台北縣淡江高中\高雄醫學大學醫學系71年畢業,台東縣延平、海端、蘭嶼、長濱、成功等鄉鎮衛生所主任兼醫師\台東衛生局醫政課長\台東基督教醫院主治醫師\第3屆國大代表\第5、6、7屆立法委員,http://www.ly.gov.tw/upload/01_introduce/0103_leg/LGpicture/80086.jpg,2015-10-30 18:38:14,2015-11-04 05:05:50,http://attach.kmt.org.tw/200910/20091015163058.jpg
109,http://vote.ly.g0v.tw/api/legislator_terms/2390/,2390,http://vote.ly.g0v.tw/api/legislator/1734/,8,吳育仁,全國不分區,男,中國國民黨,1,英國華威大學工業關係博士,國立中正大學勞工關係學系教授\考試院典試委員\臺灣勞動與社會保障協會理事長\臺灣總工會策略委員會委員\臺灣高等教育產業工會發起人\縣市勞資爭議仲裁委員\雲林縣兒童福利發展協會創會理事長\雲林縣國際工商經管研究社創社社長\雲林縣越南同鄉權益協進會常務監事,http://www.ly.gov.tw/upload/01_introduce/0103_leg/LGpicture/80013.jpg,2015-10-30 18:38:14,2015-11-04 05:05:50,http://attach.kmt.org.tw/200910/20091015163058.jpg
110,http://vote.ly.g0v.tw/api/legislator_terms/2388/,2388,http://vote.ly.g0v.tw/api/legislator/1732/,8,江惠貞,新北市,女,中國國民黨,1,輔仁大學EMBA100年班錄取\中興大學憲政研究班結業\輔仁大學中文系畢業\北一女中\板橋重慶國中\板橋後埔國小\板信幼稚園,板橋區長\板橋市長\國大代表\臺北縣議員\東山高中教師\板橋市婦女會理事長\北縣工商婦女企管協會會長\蕙心同濟會會長\新北市政府消防局婦女防火宣導隊板橋莒光分隊副分隊長\國際佛光中華總會顧問\新北市救國團指導委員\北一女校友會理事\新北市家扶中心扶幼委員,http://www.ly.gov.tw/upload/01_introduce/0103_leg/LGpicture/80011.jpg,2015-10-30 18:38:14,2015-11-04 05:05:50,http://attach.kmt.org.tw/200910/20091015163058.jpg
111,http://vote.ly.g0v.tw/api/legislator_terms/1373/,1373,http://vote.ly.g0v.tw/api/legislator/854/,8,楊瓊瓔,臺中市,女,中國國民黨,1,東海大學公共事務碩士畢業\東海大學社會學系畢業,立法院第4、5、6、7屆立法委員\立法院國民黨團書記長\立法院財政、教育及文化委員會召集委員\台灣省議會第9、10屆省議員\台中市體育會槌球委員會主任委員\台中市八二三戰友協會顧問\中英獅子會會長\台中港女國際同際會會長\清水高中校友會會長,http://www.ly.gov.tw/upload/01_introduce/0103_leg/LGpicture/81081.jpg,2015-10-30 18:38:14,2015-11-04 05:05:50,http://attach.kmt.org.tw/200910/20091015163058.jpg
112,http://vote.ly.g0v.tw/api/legislator_terms/2349/,2349,http://vote.ly.g0v.tw/api/legislator/1706/,8,林明溱,南投縣,男,中國國民黨,0,朝陽科技大學休閒管理系碩士。\ 中華工專建築科,立法委員（第7屆）\立法院交通委員會委員長\南投縣觀光局局長\南投縣議員\南投縣集集鎮鎮長（兩屆）,http://www.ly.gov.tw/upload/01_introduce/0103_leg/LGpicture/80030.jpg,2015-10-30 18:38:14,2015-11-04 05:05:50,http://attach.kmt.org.tw/200910/20091015163058.jpg
113,http://vote.ly.g0v.tw/api/legislator_terms/2386/,2386,http://vote.ly.g0v.tw/api/legislator/1730/,8,尤美女,全國不分區,女,民主進步黨,1,國立台灣大學法律學系學士\國立台灣大學法律研究所碩士\西德法蘭克福大學法學博士侯選人,尤美女律師事務所主持人\台北律師公會第26屆理事長\婦女新知基金會第4、5屆董事長\台灣婦女團體全國聯合會創會理事長\國際職業婦女協會台灣總會副理事長\國際婦女法學會中華民國分會理事\台大法學院榮譽導師\總統府人權諮詢小組委員(2000~2005)\行政院婦女權益促進委員會第3、4、6屆委員\外交部、財政部、法務部、勞委會性別專案小組委員,http://www.ly.gov.tw/upload/01_introduce/0103_leg/LGpicture/80008.jpg,2015-10-30 18:38:14,2015-11-04 05:05:50,https://upload.wikimedia.org/wikipedia/zh/thumb/c/c1/Emblem_of_Democratic_Progressive_Party_(new).svg/1024px-Emblem_of_Democratic_Progressive_Party_(new).svg.png
114,http://vote.ly.g0v.tw/api/legislator_terms/2456/,2456,http://vote.ly.g0v.tw/api/legislator/1803/,8,顏寬恒,臺中市,男,中國國民黨,1,建國工專機械工程科畢業\美國舊金山多明尼肯大學企管碩士\中華大學行政管理研究所碩士,台中縣議會議長特別助理\立法委員顏清標國會助理\任務型國大代表\大甲鎮瀾宮董事長顏清標特助\鎮瀾兒童家園義工,http://www.ly.gov.tw/upload/01_introduce/0103_leg/LGpicture/81114.jpg,2015-10-30 18:38:14,2015-11-04 05:05:50,http://attach.kmt.org.tw/200910/20091015163058.jpg
115,http://vote.ly.g0v.tw/api/legislator_terms/2400/,2400,http://vote.ly.g0v.tw/api/legislator/1745/,8,姚文智,臺北市,男,民主進步黨,1,輔大大傳系畢業\政大政治研究所碩士畢業,自由時報記者、編輯\謝長廷國會辦公室主任\彭明敏新聞秘書\高雄市新聞處長、副秘書長\愛河整治工作小組召集人\文建會公共藝術獎共同得獎人\台視董事兼文化公司總經理\行政院新聞局長\台灣維新影子政府網站執行長\綠色和平電台主持人\蘭雅國中、輔大、政大社科院傑出校友,http://www.ly.gov.tw/upload/01_introduce/0103_leg/LGpicture/80040.jpg,2015-10-30 18:38:14,2015-11-04 05:05:50,https://upload.wikimedia.org/wikipedia/zh/thumb/c/c1/Emblem_of_Democratic_Progressive_Party_(new).svg/1024px-Emblem_of_Democratic_Progressive_Party_(new).svg.png
116,http://vote.ly.g0v.tw/api/legislator_terms/2405/,2405,http://vote.ly.g0v.tw/api/legislator/1751/,8,陳雪生,連江縣,男,中國國民黨,1,省立豐原商職畢業,國大代表\馬中校友會理事長\雪源文教基金會董事長\連江縣第3、4屆縣長,http://www.ly.gov.tw/upload/01_introduce/0103_leg/LGpicture/80065.jpg,2015-10-30 18:38:14,2015-11-04 05:05:50,http://attach.kmt.org.tw/200910/20091015163058.jpg
117,http://vote.ly.g0v.tw/api/legislator_terms/1519/,1519,http://vote.ly.g0v.tw/api/legislator/917/,8,段宜康,全國不分區,男,民主進步黨,1,台灣大學政治學系,台北市第7、8屆市議員\第5屆立法委員\民進黨中常委,http://www.ly.gov.tw/upload/01_introduce/0103_leg/LGpicture/80042.jpg,2015-10-30 18:38:14,2015-11-04 05:05:50,https://upload.wikimedia.org/wikipedia/zh/thumb/c/c1/Emblem_of_Democratic_Progressive_Party_(new).svg/1024px-Emblem_of_Democratic_Progressive_Party_(new).svg.png
118,http://vote.ly.g0v.tw/api/legislator_terms/2402/,2402,http://vote.ly.g0v.tw/api/legislator/1748/,8,張曉風,全國不分區,女,親民黨,0,東吳大學中文系學士,東吳大學中文系助教及講師\陽明大學副教授、教授\曾當選十大傑出女青年，獲國家文藝獎,http://www.ly.gov.tw/upload/01_introduce/0103_leg/LGpicture/80055.jpg,2015-10-30 18:38:14,2015-11-04 05:05:50,https://upload.wikimedia.org/wikipedia/zh/thumb/6/66/Flag_of_People_First_Party.svg/125px-Flag_of_People_First_Party.svg.png
119,http://vote.ly.g0v.tw/api/legislator_terms/1641/,1641,http://vote.ly.g0v.tw/api/legislator/980/,8,魏明谷,彰化縣,男,民主進步黨,0,大葉大學事業經營研究所碩士畢業\台中商專\員林高中\埔心國中\太平國小,2008 總統候選人謝長廷彰化縣競選總部主任委員\2002-2007 立法院第5、6屆立法委員\1994-2001 彰化縣議會第13、14屆議員,http://www.ly.gov.tw/upload/01_introduce/0103_leg/LGpicture/80109.jpg,2015-10-30 18:38:14,2015-11-04 05:05:50,https://upload.wikimedia.org/wikipedia/zh/thumb/c/c1/Emblem_of_Democratic_Progressive_Party_(new).svg/1024px-Emblem_of_Democratic_Progressive_Party_(new).svg.png
120,http://vote.ly.g0v.tw/api/legislator_terms/2471/,2471,http://vote.ly.g0v.tw/api/legislator/1813/,8,詹滿容,全國不分區,女,中國國民黨,1,美國麻省波斯頓大學政治經濟學博士,中華民國國家安全會議諮詢委員(2008/05~2010/05 )\太平洋經濟合作理事會(PECC)國際秘書處秘書長(1999/07–2001/12;新加坡)\亞太經合會(APEC)國際秘書處研究室主任(1996/07–1999/06;新加坡)\太平洋經濟合作理事會(PECC)中華民國委員會董事\台灣經濟研究院顧問\遠景基金會董事暨全球經貿小組召集人\二十一世紀基金會顧問\新興市場研究協會常務理事\中美文化經濟協會理事\台灣環境資源戰略學會理事\政治大學亞洲研究國際博士學程(IDAS)、國際研究英語碩士學程(IMPIS)暨企管研究所(MBA)約聘兼任副教授,http://www.ly.gov.tw/upload/01_introduce/0103_leg/LGpicture/81124.jpg,2015-10-30 18:38:14,2015-11-04 05:05:50,http://attach.kmt.org.tw/200910/20091015163058.jpg
121,http://vote.ly.g0v.tw/api/legislator_terms/22/,22,http://vote.ly.g0v.tw/api/legislator/22/,8,王金平,全國不分區,男,中國國民黨,1,台灣省立師範大學數學系畢業,高雄縣工業會理事長\中國國民黨政策會副主委\中國國民黨工作會主任兼黨團書記長\中國國民黨中央常務委員\立法院副院長\臺灣職棒大聯盟會長\國家生技醫療產業策進會會長\中華民國義勇消防總會總會長\中華民國義勇警察發展總會總會長\臺灣癌症基金會董事長\中國國民黨副主席(2000/6~2005/8)\中國國民黨中央評議委員會主席團主席\中華民國立法委員協進會理事長\財團法人生物科技產業發展策進會主任委員\台灣民主基金會董事長\財團法人生技醫療科技政策研究中心董事長\財團法人十大傑出青年基金會董事長 ,http://www.ly.gov.tw/upload/01_introduce/0103_leg/LGpicture/80002.jpg,2015-10-30 18:38:14,2015-11-04 05:05:50,http://attach.kmt.org.tw/200910/20091015163058.jpg
122,http://vote.ly.g0v.tw/api/legislator_terms/2463/,2463,http://vote.ly.g0v.tw/api/legislator/1810/,8,徐志榮,苗栗縣,男,中國國民黨,1,縣立苗中畢業\省立苗栗高中畢業\日本國立石川高等職業學校畢業,私立東海大學企業管理師第11屆結業\公館鄉第13、14屆鄉長\碧多妮蠶絲公司總經理\公館國小創校100周年家長會長\苗栗縣政府都更委員\苗栗縣體育會理事\苗栗東南扶輪社創社社員\苗栗縣更生保護協會理事\苗栗縣後備指揮部組訓顧問\苗栗縣徐氏宗親會副理事長,http://www.ly.gov.tw/upload/01_introduce/0103_leg/LGpicture/81119.jpg,2015-10-30 18:38:14,2015-11-04 05:05:50,http://attach.kmt.org.tw/200910/20091015163058.jpg
123,http://vote.ly.g0v.tw/api/legislator_terms/2417/,2417,http://vote.ly.g0v.tw/api/legislator/1763/,8,鄭天財Sra‧Kacaw,平地原住民,男,中國國民黨,1,國立台灣大學法律系畢,省府法規會編審\省原住民行政局副局長\省原住民事務委員會副主任委員\行政院原住民族委員會教文處處長、社福處處長、企劃處處長、副主任委員\台灣省政府副秘書長\榮獲考試院頒發91年公務人員傑出貢獻獎,http://www.ly.gov.tw/upload/01_introduce/0103_leg/LGpicture/80098.jpg,2015-10-30 18:38:14,2015-11-04 05:05:50,http://attach.kmt.org.tw/200910/20091015163058.jpg
124,http://vote.ly.g0v.tw/api/legislator_terms/2411/,2411,http://vote.ly.g0v.tw/api/legislator/1757/,8,楊玉欣,全國不分區,女,中國國民黨,1,國立台灣藝術專科學校畢業(1995年)\輔仁大學哲學研究所肄業(2006年),第8屆立法委員\中廣流行網『角落欣世界』節目主持人(2006~2012年)\弱勢病患權益促進會 秘書長\財團法人罕見疾病基金會代言人\公視『發現希望』節目主持人(2006~2007年)\人間衛視、新聞主播、節目主持人(2001~2008年)\如是我聞文化服份有限公司企劃製作(1998~2000年)\統一人壽業務襄理(1996年),http://www.ly.gov.tw/upload/01_introduce/0103_leg/LGpicture/80078.jpg,2015-10-30 18:38:14,2015-11-04 05:05:50,http://attach.kmt.org.tw/200910/20091015163058.jpg
